index,user_id,user_gender,country,age_group,traveller_type,join_date
0,1,Female,United Kingdom,35-44,Solo,2024-09-29
1,2,Male,United Kingdom,25-34,Solo,2023-11-29
2,3,Female,Mexico,25-34,Family,2022-04-03
3,4,Male,India,35-44,Family,2023-12-02
4,5,Other,Japan,25-34,Solo,2021-12-18
5,6,Male,Brazil,25-34,Couple,2025-06-27
6,7,Male,United Kingdom,25-34,Business,2022-07-13
7,8,Female,Spain,45-54,Couple,2024-09-05
8,9,Female,India,35-44,Solo,2025-03-01
9,10,Male,United Kingdom,45-54,Solo,2024-11-14
10,11,Other,China,25-34,Couple,2022-02-25
11,12,Female,India,25-34,Solo,2024-12-13
12,13,Male,Italy,25-34,Couple,2022-07-31
13,14,Male,United States,18-24,Family,2021-06-29
14,15,Female,Nigeria,35-44,Couple,2021-10-18
15,16,Male,New Zealand,25-34,Business,2023-07-16
16,17,Female,United States,25-34,Family,2025-01-28
17,18,Male,India,18-24,Couple,2023-04-16
18,19,Male,Australia,35-44,Couple,2021-11-26
19,20,Female,Spain,55+,Solo,2022-01-01
20,21,Male,Australia,25-34,Couple,2020-09-16
21,22,Male,Germany,35-44,Solo,2022-08-14
22,23,Female,United Kingdom,35-44,Solo,2024-12-27
23,24,Male,France,25-34,Solo,2024-04-18
24,25,Male,Japan,25-34,Business,2024-11-14
25,26,Male,China,35-44,Family,2022-01-25
26,27,Female,United States,45-54,Couple,2025-03-06
27,28,Male,China,25-34,Family,2023-09-23
28,29,Female,Brazil,45-54,Solo,2025-05-08
29,30,Female,India,18-24,Family,2021-10-11
30,31,Male,Japan,25-34,Solo,2023-10-17
31,32,Male,China,35-44,Family,2025-07-09
32,33,Female,India,35-44,Family,2022-03-05
33,34,Female,United Kingdom,35-44,Solo,2024-04-26
34,35,Male,Australia,55+,Business,2021-02-10
35,36,Male,Russia,18-24,Couple,2024-03-26
36,37,Male,Australia,18-24,Couple,2020-08-19
37,38,Male,United States,35-44,Couple,2023-04-07
38,39,Female,Egypt,25-34,Family,2020-08-17
39,40,Female,Russia,35-44,Solo,2024-04-02
40,41,Male,Spain,18-24,Solo,2022-02-17
41,42,Male,United Kingdom,35-44,Business,2023-11-09
42,43,Other,Argentina,35-44,Family,2023-08-08
43,44,Male,Germany,35-44,Couple,2021-08-18
44,45,Male,United States,35-44,Family,2023-05-01
45,46,Female,Germany,35-44,Family,2022-08-18
46,47,Male,Germany,35-44,Family,2022-01-30
47,48,Female,New Zealand,45-54,Solo,2025-04-18
48,49,Female,United States,45-54,Solo,2024-04-10
49,50,Female,India,25-34,Family,2021-03-09
50,51,Female,United Kingdom,45-54,Couple,2023-10-21
51,52,Male,Japan,25-34,Business,2025-05-23
52,53,Male,South Africa,45-54,Family,2023-01-11
53,54,Male,United States,25-34,Couple,2021-05-20
54,55,Female,United Kingdom,55+,Business,2021-06-13
55,56,Female,Spain,55+,Family,2024-03-01
56,57,Male,Russia,35-44,Solo,2022-11-23
57,58,Male,China,35-44,Business,2021-09-21
58,59,Female,United States,25-34,Couple,2025-03-07
59,60,Male,United States,45-54,Solo,2025-06-14
60,61,Female,Japan,55+,Solo,2024-05-11
61,62,Female,Australia,25-34,Solo,2023-06-30
62,63,Female,France,25-34,Couple,2023-06-30
63,64,Female,United States,45-54,Business,2021-12-03
64,65,Male,United States,25-34,Solo,2021-10-13
65,66,Other,United States,25-34,Couple,2025-04-07
66,67,Male,United States,35-44,Couple,2021-05-11
67,68,Other,Mexico,25-34,Solo,2024-12-13
68,69,Male,Germany,35-44,Business,2022-12-14
69,70,Male,Germany,55+,Family,2024-01-07
70,71,Male,New Zealand,25-34,Couple,2025-05-28
71,72,Female,China,35-44,Solo,2022-07-25
72,73,Female,United Kingdom,18-24,Solo,2025-03-06
73,74,Male,France,35-44,Business,2022-06-20
74,75,Female,Italy,45-54,Business,2023-09-19
75,76,Female,Australia,25-34,Family,2023-04-22
76,77,Female,Italy,35-44,Family,2022-05-16
77,78,Female,Japan,45-54,Business,2022-08-13
78,79,Male,United States,35-44,Couple,2020-12-16
79,80,Male,Australia,25-34,Couple,2022-01-28
80,81,Other,Australia,35-44,Couple,2023-06-25
81,82,Female,Thailand,25-34,Couple,2021-01-12
82,83,Male,United States,25-34,Solo,2024-07-03
83,84,Female,United Arab Emirates,35-44,Family,2022-01-16
84,85,Male,Japan,35-44,Family,2023-04-28
85,86,Male,South Korea,45-54,Business,2023-07-27
86,87,Female,Germany,18-24,Solo,2022-03-07
87,88,Male,France,45-54,Family,2024-08-23
88,89,Female,Argentina,25-34,Couple,2025-05-24
89,90,Male,United Kingdom,45-54,Family,2024-10-28
90,91,Female,United Kingdom,25-34,Family,2024-08-15
91,92,Female,United States,25-34,Solo,2023-10-09
92,93,Male,Turkey,35-44,Couple,2021-08-26
93,94,Female,United Kingdom,45-54,Couple,2024-09-10
94,95,Male,United States,18-24,Couple,2023-12-28
95,96,Male,China,25-34,Business,2024-07-10
96,97,Male,New Zealand,35-44,Family,2023-01-30
97,98,Female,Germany,25-34,Solo,2025-02-01
98,99,Female,United States,25-34,Solo,2020-08-27
99,100,Male,China,35-44,Couple,2023-05-13
100,101,Male,China,25-34,Solo,2023-01-26
101,102,Female,India,25-34,Couple,2024-03-19
102,103,Other,Italy,35-44,Solo,2020-08-17
103,104,Male,China,25-34,Family,2023-08-18
104,105,Male,United Arab Emirates,18-24,Solo,2022-06-06
105,106,Other,Brazil,45-54,Couple,2023-11-28
106,107,Female,Netherlands,35-44,Business,2020-09-03
107,108,Male,Argentina,25-34,Couple,2023-03-03
108,109,Female,United Kingdom,45-54,Couple,2024-02-18
109,110,Male,Canada,25-34,Business,2025-04-20
110,111,Male,United States,25-34,Couple,2022-11-27
111,112,Other,France,35-44,Business,2021-08-03
112,113,Male,United States,35-44,Couple,2024-05-02
113,114,Female,China,25-34,Family,2024-01-23
114,115,Female,United States,45-54,Family,2021-03-17
115,116,Female,Japan,35-44,Solo,2023-03-27
116,117,Male,China,55+,Solo,2023-08-11
117,118,Other,Netherlands,25-34,Couple,2024-05-29
118,119,Female,United Arab Emirates,35-44,Solo,2020-08-20
119,120,Female,New Zealand,35-44,Couple,2021-06-26
120,121,Male,Canada,25-34,Solo,2023-08-26
121,122,Female,Germany,25-34,Family,2023-03-15
122,123,Female,France,25-34,Couple,2022-04-24
123,124,Female,France,35-44,Family,2024-05-24
124,125,Female,United Kingdom,35-44,Family,2021-12-31
125,126,Female,Brazil,25-34,Couple,2024-05-12
126,127,Female,Canada,25-34,Business,2025-05-10
127,128,Male,China,55+,Family,2023-05-04
128,129,Male,Canada,35-44,Couple,2021-08-23
129,130,Female,United States,25-34,Couple,2024-07-01
130,131,Male,Japan,25-34,Family,2020-11-22
131,132,Female,Australia,35-44,Family,2020-10-18
132,133,Male,Brazil,55+,Business,2024-11-04
133,134,Female,China,35-44,Couple,2022-11-06
134,135,Male,France,25-34,Family,2021-05-12
135,136,Female,United Kingdom,25-34,Couple,2023-12-22
136,137,Male,South Africa,25-34,Family,2025-01-19
137,138,Female,Spain,25-34,Family,2022-02-03
138,139,Other,Australia,55+,Business,2023-12-11
139,140,Male,Turkey,18-24,Business,2023-03-03
140,141,Male,United Kingdom,35-44,Couple,2024-01-18
141,142,Male,Spain,35-44,Business,2021-11-24
142,143,Female,Brazil,35-44,Family,2020-10-07
143,144,Male,Germany,25-34,Family,2025-07-11
144,145,Female,Germany,35-44,Family,2022-12-16
145,146,Male,France,45-54,Couple,2024-02-11
146,147,Male,United States,35-44,Couple,2022-10-26
147,148,Other,Netherlands,45-54,Family,2020-12-23
148,149,Other,France,45-54,Business,2024-05-27
149,150,Female,Germany,35-44,Solo,2024-07-16
150,151,Female,Argentina,55+,Couple,2022-03-26
151,152,Female,Spain,35-44,Family,2024-06-06
152,153,Female,United States,35-44,Business,2023-06-25
153,154,Female,United Kingdom,35-44,Family,2021-06-08
154,155,Male,United States,35-44,Couple,2021-03-28
155,156,Male,Russia,25-34,Couple,2024-04-03
156,157,Male,Canada,18-24,Family,2021-03-05
157,158,Male,United Kingdom,35-44,Business,2023-01-29
158,159,Female,United States,25-34,Business,2025-06-05
159,160,Male,China,25-34,Couple,2024-09-02
160,161,Female,United States,25-34,Family,2022-05-07
161,162,Male,Germany,35-44,Solo,2025-05-21
162,163,Other,United Kingdom,55+,Couple,2021-01-21
163,164,Male,South Korea,55+,Couple,2023-04-18
164,165,Female,Italy,25-34,Solo,2022-11-08
165,166,Female,China,35-44,Solo,2021-10-03
166,167,Female,United States,35-44,Couple,2022-03-17
167,168,Female,United Kingdom,55+,Couple,2025-03-02
168,169,Male,Turkey,18-24,Family,2025-05-02
169,170,Other,United Kingdom,35-44,Solo,2021-09-14
170,171,Female,Italy,35-44,Family,2021-01-23
171,172,Male,United Arab Emirates,45-54,Couple,2024-11-04
172,173,Other,France,45-54,Solo,2021-01-30
173,174,Male,Germany,35-44,Solo,2025-01-10
174,175,Female,Russia,55+,Couple,2023-10-21
175,176,Male,Germany,25-34,Couple,2025-02-02
176,177,Female,India,55+,Family,2024-02-19
177,178,Male,France,25-34,Family,2025-07-08
178,179,Male,France,45-54,Couple,2025-07-06
179,180,Female,Germany,25-34,Solo,2025-06-11
180,181,Male,Germany,25-34,Business,2023-09-26
181,182,Female,United States,35-44,Business,2023-03-15
182,183,Female,Japan,25-34,Couple,2020-08-17
183,184,Male,Nigeria,25-34,Couple,2022-09-21
184,185,Female,United States,35-44,Family,2024-09-16
185,186,Female,Spain,55+,Couple,2021-10-28
186,187,Male,Germany,25-34,Family,2024-02-17
187,188,Female,Thailand,25-34,Solo,2023-07-28
188,189,Female,New Zealand,45-54,Family,2024-05-17
189,190,Female,Nigeria,25-34,Family,2023-06-10
190,191,Female,United Kingdom,35-44,Family,2025-02-14
191,192,Male,China,45-54,Couple,2024-05-15
192,193,Female,France,25-34,Family,2022-03-31
193,194,Male,Japan,55+,Solo,2023-07-21
194,195,Female,Canada,18-24,Couple,2022-12-14
195,196,Female,United Kingdom,25-34,Couple,2023-06-17
196,197,Male,Singapore,35-44,Couple,2023-12-11
197,198,Male,China,45-54,Family,2023-01-03
198,199,Male,United Kingdom,35-44,Couple,2025-07-15
199,200,Female,United States,25-34,Business,2024-02-09
200,201,Female,Argentina,35-44,Couple,2021-09-12
201,202,Male,United Kingdom,35-44,Family,2025-05-28
202,203,Other,Turkey,45-54,Couple,2024-03-23
203,204,Male,Italy,25-34,Business,2024-08-04
204,205,Female,United States,45-54,Solo,2021-03-25
205,206,Male,Nigeria,25-34,Business,2022-10-18
206,207,Female,Mexico,35-44,Family,2023-11-07
207,208,Male,United Kingdom,25-34,Family,2021-10-25
208,209,Male,Mexico,18-24,Couple,2023-02-04
209,210,Other,Germany,25-34,Solo,2022-06-09
210,211,Male,United States,25-34,Couple,2024-06-23
211,212,Male,United Kingdom,35-44,Solo,2024-11-10
212,213,Female,United States,25-34,Business,2024-08-09
213,214,Male,Japan,35-44,Solo,2023-11-07
214,215,Female,South Africa,45-54,Solo,2023-01-09
215,216,Male,Germany,25-34,Couple,2025-03-08
216,217,Male,Thailand,25-34,Couple,2021-08-01
217,218,Male,United States,45-54,Solo,2022-08-12
218,219,Other,Russia,35-44,Business,2023-03-15
219,220,Female,Germany,25-34,Solo,2024-07-07
220,221,Male,China,35-44,Couple,2022-01-14
221,222,Female,Canada,35-44,Solo,2023-05-22
222,223,Other,United States,25-34,Couple,2022-01-19
223,224,Male,United Kingdom,35-44,Business,2024-05-26
224,225,Female,France,25-34,Couple,2023-12-27
225,226,Female,United Arab Emirates,55+,Business,2023-03-21
226,227,Male,United Kingdom,35-44,Family,2024-12-20
227,228,Female,Egypt,25-34,Couple,2022-12-09
228,229,Male,Brazil,45-54,Business,2025-06-03
229,230,Male,France,45-54,Couple,2023-04-29
230,231,Other,China,55+,Couple,2025-06-16
231,232,Female,United States,25-34,Couple,2020-12-24
232,233,Female,United Kingdom,45-54,Business,2022-11-04
233,234,Male,France,35-44,Business,2021-10-24
234,235,Male,Thailand,35-44,Couple,2025-06-16
235,236,Male,United States,18-24,Solo,2024-01-31
236,237,Male,United States,18-24,Solo,2021-06-26
237,238,Female,Australia,35-44,Couple,2024-08-24
238,239,Male,South Korea,35-44,Family,2023-09-13
239,240,Male,United Kingdom,25-34,Business,2020-09-03
240,241,Female,United Kingdom,18-24,Family,2024-12-30
241,242,Female,Netherlands,25-34,Couple,2025-03-15
242,243,Male,Spain,35-44,Couple,2024-02-09
243,244,Male,Thailand,18-24,Family,2020-09-09
244,245,Male,United States,18-24,Solo,2024-04-12
245,246,Female,New Zealand,55+,Family,2020-09-30
246,247,Male,France,45-54,Couple,2023-03-04
247,248,Female,Canada,25-34,Couple,2021-07-28
248,249,Male,United States,35-44,Solo,2025-04-23
249,250,Male,United States,25-34,Solo,2025-08-06
250,251,Female,China,35-44,Couple,2023-02-28
251,252,Male,China,45-54,Family,2025-04-06
252,253,Female,Egypt,18-24,Solo,2022-03-05
253,254,Female,France,35-44,Business,2022-03-24
254,255,Female,New Zealand,55+,Solo,2025-04-25
255,256,Female,India,55+,Couple,2020-10-25
256,257,Female,United States,55+,Family,2021-10-03
257,258,Male,Mexico,45-54,Couple,2023-02-17
258,259,Male,United Arab Emirates,45-54,Business,2021-11-06
259,260,Male,Mexico,45-54,Couple,2020-11-26
260,261,Female,Germany,25-34,Couple,2023-05-02
261,262,Male,United Kingdom,35-44,Family,2021-04-19
262,263,Male,France,55+,Business,2024-07-03
263,264,Male,France,18-24,Couple,2022-01-29
264,265,Male,Canada,35-44,Family,2023-07-22
265,266,Male,United Arab Emirates,25-34,Solo,2023-12-18
266,267,Female,Canada,35-44,Business,2021-07-31
267,268,Male,Mexico,55+,Couple,2023-07-17
268,269,Female,Japan,25-34,Family,2022-05-11
269,270,Female,Argentina,45-54,Family,2023-02-02
270,271,Male,China,45-54,Family,2024-07-22
271,272,Other,Canada,45-54,Couple,2023-02-05
272,273,Female,United Kingdom,25-34,Business,2022-11-26
273,274,Female,Nigeria,35-44,Solo,2024-01-10
274,275,Female,Germany,45-54,Family,2023-05-02
275,276,Female,United Arab Emirates,18-24,Couple,2024-11-16
276,277,Male,United Kingdom,45-54,Family,2025-04-15
277,278,Female,Japan,25-34,Solo,2022-09-30
278,279,Male,Australia,35-44,Couple,2021-01-28
279,280,Female,South Korea,18-24,Business,2024-12-06
280,281,Female,Germany,35-44,Business,2025-03-10
281,282,Male,United Arab Emirates,25-34,Couple,2020-11-27
282,283,Male,United States,35-44,Couple,2023-03-26
283,284,Male,Germany,45-54,Solo,2023-08-22
284,285,Male,Germany,18-24,Solo,2022-06-20
285,286,Female,United Kingdom,25-34,Family,2025-06-12
286,287,Female,United Arab Emirates,25-34,Business,2020-08-20
287,288,Male,Australia,18-24,Business,2021-08-24
288,289,Female,Japan,35-44,Couple,2021-01-11
289,290,Male,Japan,25-34,Couple,2020-11-11
290,291,Male,South Korea,45-54,Couple,2022-07-28
291,292,Female,Mexico,45-54,Couple,2021-02-28
292,293,Male,United Kingdom,35-44,Solo,2023-11-29
293,294,Male,United Kingdom,25-34,Couple,2024-01-28
294,295,Female,Germany,55+,Couple,2022-11-30
295,296,Male,United States,18-24,Solo,2021-09-13
296,297,Male,Japan,18-24,Couple,2022-04-27
297,298,Male,China,45-54,Family,2022-03-05
298,299,Male,Thailand,35-44,Couple,2023-03-05
299,300,Female,Australia,45-54,Solo,2021-03-13
300,301,Male,China,55+,Solo,2024-12-23
301,302,Male,China,35-44,Couple,2022-05-27
302,303,Female,Mexico,18-24,Couple,2023-01-04
303,304,Male,United States,35-44,Couple,2021-12-04
304,305,Female,United Kingdom,25-34,Family,2023-01-19
305,306,Male,India,35-44,Solo,2021-01-22
306,307,Female,South Korea,18-24,Business,2022-06-25
307,308,Other,South Korea,25-34,Family,2025-04-24
308,309,Male,Italy,25-34,Couple,2024-05-06
309,310,Male,Japan,25-34,Solo,2024-10-27
310,311,Female,United Kingdom,35-44,Solo,2023-05-14
311,312,Male,United Kingdom,55+,Couple,2023-03-26
312,313,Male,Nigeria,25-34,Family,2020-08-10
313,314,Other,China,18-24,Family,2023-04-24
314,315,Male,Mexico,55+,Business,2023-07-20
315,316,Male,United Kingdom,25-34,Solo,2021-10-06
316,317,Female,China,35-44,Solo,2022-09-22
317,318,Female,China,25-34,Couple,2023-05-30
318,319,Female,China,45-54,Family,2024-12-26
319,320,Female,Brazil,35-44,Couple,2022-09-23
320,321,Female,United Arab Emirates,45-54,Solo,2025-01-21
321,322,Female,United States,25-34,Solo,2023-04-18
322,323,Male,France,45-54,Solo,2024-10-24
323,324,Male,China,25-34,Couple,2025-03-27
324,325,Male,Brazil,25-34,Business,2022-02-23
325,326,Male,France,45-54,Family,2021-03-26
326,327,Male,United States,25-34,Family,2023-12-29
327,328,Female,Germany,35-44,Couple,2022-09-04
328,329,Male,India,45-54,Family,2024-07-26
329,330,Male,Singapore,18-24,Family,2024-12-08
330,331,Female,Netherlands,18-24,Solo,2020-08-14
331,332,Female,France,35-44,Couple,2024-12-07
332,333,Male,Nigeria,25-34,Couple,2021-10-23
333,334,Male,France,45-54,Business,2024-05-16
334,335,Other,Japan,35-44,Family,2023-03-10
335,336,Male,United Arab Emirates,25-34,Couple,2023-05-14
336,337,Female,Brazil,18-24,Business,2023-12-30
337,338,Male,Germany,25-34,Couple,2022-10-01
338,339,Female,United Kingdom,18-24,Couple,2021-12-24
339,340,Male,Russia,45-54,Business,2025-04-28
340,341,Female,Netherlands,18-24,Business,2023-10-12
341,342,Other,Netherlands,45-54,Solo,2022-01-19
342,343,Female,Brazil,35-44,Family,2021-01-01
343,344,Male,South Korea,45-54,Solo,2023-11-17
344,345,Female,France,18-24,Business,2025-04-28
345,346,Female,New Zealand,35-44,Solo,2025-02-16
346,347,Other,United Arab Emirates,25-34,Couple,2023-10-25
347,348,Female,United Arab Emirates,45-54,Family,2024-04-12
348,349,Female,China,25-34,Couple,2021-04-26
349,350,Female,Russia,25-34,Couple,2022-02-17
350,351,Male,South Korea,55+,Couple,2024-10-13
351,352,Female,Brazil,35-44,Business,2025-06-08
352,353,Male,United Arab Emirates,55+,Business,2025-07-14
353,354,Male,Germany,25-34,Family,2023-06-14
354,355,Female,United Kingdom,25-34,Solo,2020-11-12
355,356,Female,United States,35-44,Business,2025-03-20
356,357,Male,China,18-24,Family,2022-08-02
357,358,Male,United Kingdom,25-34,Solo,2022-01-19
358,359,Female,France,25-34,Family,2024-04-04
359,360,Other,Spain,35-44,Solo,2025-01-28
360,361,Male,France,35-44,Solo,2023-09-23
361,362,Male,Brazil,18-24,Business,2023-11-17
362,363,Male,Germany,35-44,Solo,2021-10-25
363,364,Male,United Kingdom,55+,Family,2021-03-06
364,365,Female,Turkey,55+,Solo,2022-03-20
365,366,Male,Mexico,18-24,Couple,2021-12-13
366,367,Other,India,55+,Family,2020-10-21
367,368,Male,Germany,35-44,Solo,2024-05-28
368,369,Female,United Kingdom,25-34,Couple,2022-09-26
369,370,Female,Mexico,25-34,Solo,2021-03-12
370,371,Female,United States,55+,Family,2022-01-20
371,372,Female,Japan,25-34,Solo,2023-06-29
372,373,Female,China,35-44,Solo,2025-04-02
373,374,Female,Spain,35-44,Couple,2024-07-28
374,375,Female,United Kingdom,45-54,Couple,2023-07-30
375,376,Other,United Kingdom,25-34,Couple,2023-05-05
376,377,Other,Brazil,55+,Business,2024-08-08
377,378,Male,Brazil,35-44,Family,2021-05-26
378,379,Male,United States,45-54,Business,2024-06-04
379,380,Female,China,35-44,Family,2020-12-31
380,381,Female,United Kingdom,18-24,Couple,2023-07-01
381,382,Male,South Africa,45-54,Family,2024-08-23
382,383,Male,Japan,45-54,Business,2024-05-05
383,384,Female,Germany,55+,Couple,2025-06-15
384,385,Male,Brazil,45-54,Solo,2025-07-19
385,386,Female,Brazil,35-44,Family,2024-06-17
386,387,Other,Canada,18-24,Business,2022-07-07
387,388,Male,Netherlands,35-44,Family,2022-12-16
388,389,Female,Turkey,25-34,Couple,2024-01-17
389,390,Female,Australia,35-44,Business,2024-04-12
390,391,Female,United States,45-54,Couple,2023-08-01
391,392,Male,Brazil,35-44,Family,2020-12-14
392,393,Female,Brazil,18-24,Business,2025-02-07
393,394,Female,China,35-44,Solo,2024-11-09
394,395,Male,Argentina,45-54,Couple,2024-02-04
395,396,Male,United States,35-44,Couple,2022-05-04
396,397,Male,Canada,35-44,Family,2022-07-28
397,398,Male,Canada,55+,Family,2022-04-22
398,399,Male,United States,18-24,Couple,2024-08-30
399,400,Female,Germany,25-34,Solo,2024-10-16
400,401,Female,United Arab Emirates,25-34,Solo,2021-07-06
401,402,Male,United Kingdom,18-24,Solo,2025-02-21
402,403,Male,France,25-34,Business,2021-04-29
403,404,Male,Canada,25-34,Family,2023-12-23
404,405,Male,France,35-44,Business,2023-12-06
405,406,Female,Australia,25-34,Solo,2021-12-11
406,407,Male,Mexico,25-34,Solo,2021-01-28
407,408,Male,China,35-44,Couple,2025-01-01
408,409,Male,China,35-44,Family,2025-04-20
409,410,Male,United Kingdom,45-54,Couple,2023-02-21
410,411,Male,Canada,25-34,Couple,2021-07-15
411,412,Female,Australia,45-54,Business,2023-01-26
412,413,Female,Japan,35-44,Family,2024-08-27
413,414,Male,France,55+,Business,2022-09-14
414,415,Male,Thailand,55+,Family,2020-10-18
415,416,Male,Australia,45-54,Business,2022-10-27
416,417,Female,Canada,45-54,Couple,2021-07-19
417,418,Male,China,55+,Business,2021-06-02
418,419,Other,Germany,35-44,Couple,2022-06-28
419,420,Other,United Arab Emirates,35-44,Couple,2023-11-28
420,421,Male,United Kingdom,45-54,Business,2021-11-24
421,422,Male,Brazil,35-44,Business,2021-11-04
422,423,Female,Australia,35-44,Couple,2025-01-21
423,424,Female,Mexico,25-34,Couple,2023-11-11
424,425,Male,United Kingdom,35-44,Solo,2021-05-05
425,426,Female,United Arab Emirates,25-34,Family,2021-08-20
426,427,Female,China,25-34,Business,2023-08-20
427,428,Female,Netherlands,45-54,Solo,2021-12-01
428,429,Female,Germany,35-44,Couple,2020-10-25
429,430,Other,United States,45-54,Business,2023-11-09
430,431,Female,Australia,18-24,Family,2024-08-28
431,432,Female,United Kingdom,35-44,Couple,2025-04-01
432,433,Male,Brazil,45-54,Couple,2022-12-20
433,434,Male,Australia,18-24,Family,2021-04-02
434,435,Female,France,35-44,Couple,2024-05-09
435,436,Other,South Korea,18-24,Solo,2023-10-29
436,437,Female,Brazil,25-34,Couple,2025-01-26
437,438,Female,France,35-44,Family,2022-05-27
438,439,Male,Russia,25-34,Solo,2020-09-22
439,440,Female,China,55+,Solo,2023-04-22
440,441,Male,United States,35-44,Solo,2020-10-29
441,442,Other,Japan,35-44,Family,2021-04-22
442,443,Male,Thailand,25-34,Business,2022-08-23
443,444,Female,Thailand,18-24,Couple,2023-10-26
444,445,Other,Canada,45-54,Couple,2023-01-10
445,446,Female,Brazil,18-24,Family,2024-11-02
446,447,Male,United Kingdom,35-44,Couple,2020-12-15
447,448,Male,United Kingdom,35-44,Business,2024-11-17
448,449,Male,Japan,45-54,Family,2021-03-12
449,450,Male,Germany,35-44,Couple,2023-11-30
450,451,Female,United States,25-34,Couple,2025-01-15
451,452,Male,Russia,25-34,Solo,2024-11-22
452,453,Female,United Kingdom,35-44,Couple,2020-08-28
453,454,Female,United States,18-24,Solo,2021-10-29
454,455,Other,France,45-54,Family,2025-05-21
455,456,Male,United Kingdom,25-34,Family,2023-05-24
456,457,Female,South Korea,25-34,Couple,2025-03-22
457,458,Female,United Kingdom,18-24,Couple,2023-04-27
458,459,Female,South Korea,35-44,Business,2020-10-03
459,460,Other,China,25-34,Business,2022-12-21
460,461,Male,Germany,45-54,Couple,2023-07-18
461,462,Male,New Zealand,25-34,Couple,2021-02-24
462,463,Female,United Kingdom,35-44,Couple,2023-07-23
463,464,Female,United States,35-44,Solo,2023-12-12
464,465,Female,Singapore,35-44,Family,2023-05-09
465,466,Female,Germany,45-54,Business,2023-04-23
466,467,Male,United Kingdom,35-44,Business,2023-01-22
467,468,Other,South Korea,55+,Family,2023-08-22
468,469,Female,China,45-54,Couple,2025-07-23
469,470,Female,Italy,35-44,Couple,2021-05-26
470,471,Male,China,25-34,Business,2024-06-12
471,472,Male,United States,45-54,Couple,2022-12-03
472,473,Male,United Kingdom,18-24,Business,2021-02-12
473,474,Female,United States,45-54,Solo,2021-01-03
474,475,Male,Turkey,35-44,Family,2025-07-06
475,476,Male,United Kingdom,25-34,Family,2021-04-25
476,477,Other,Germany,25-34,Couple,2020-10-06
477,478,Female,Russia,35-44,Solo,2025-06-06
478,479,Male,United Kingdom,35-44,Solo,2022-10-25
479,480,Female,Germany,55+,Solo,2023-11-22
480,481,Male,United Kingdom,55+,Solo,2025-02-02
481,482,Male,Germany,55+,Solo,2024-07-28
482,483,Female,United States,45-54,Business,2024-02-01
483,484,Male,Germany,45-54,Business,2025-06-09
484,485,Female,Spain,55+,Solo,2023-10-05
485,486,Male,United States,18-24,Business,2024-05-20
486,487,Female,Canada,25-34,Family,2023-04-01
487,488,Male,France,45-54,Business,2023-04-12
488,489,Female,Australia,18-24,Couple,2024-04-15
489,490,Female,Canada,25-34,Couple,2025-05-17
490,491,Female,Singapore,25-34,Couple,2021-08-25
491,492,Male,Germany,18-24,Family,2025-07-04
492,493,Male,United States,35-44,Couple,2020-12-15
493,494,Female,Mexico,55+,Couple,2024-06-26
494,495,Male,Spain,55+,Couple,2022-02-01
495,496,Female,Canada,35-44,Solo,2023-07-19
496,497,Female,France,25-34,Couple,2022-02-17
497,498,Female,Spain,35-44,Solo,2025-03-04
498,499,Male,Germany,35-44,Solo,2023-05-18
499,500,Male,Japan,35-44,Business,2024-11-17
500,501,Male,Japan,25-34,Business,2020-12-09
501,502,Male,United States,25-34,Solo,2023-10-20
502,503,Female,Russia,25-34,Business,2021-07-01
503,504,Other,United Kingdom,25-34,Solo,2024-02-09
504,505,Female,United Kingdom,18-24,Couple,2021-09-25
505,506,Female,United Kingdom,45-54,Couple,2024-05-25
506,507,Male,Brazil,55+,Couple,2023-03-23
507,508,Male,China,35-44,Business,2024-04-04
508,509,Female,Russia,25-34,Business,2022-06-14
509,510,Female,United Kingdom,45-54,Business,2024-05-14
510,511,Female,France,35-44,Couple,2023-09-05
511,512,Male,Italy,25-34,Couple,2021-12-22
512,513,Other,South Korea,35-44,Family,2022-06-13
513,514,Other,Egypt,35-44,Couple,2022-04-03
514,515,Male,Germany,45-54,Couple,2022-05-02
515,516,Female,France,25-34,Couple,2021-04-14
516,517,Male,China,25-34,Solo,2023-11-09
517,518,Female,United Kingdom,18-24,Family,2023-01-18
518,519,Male,Turkey,25-34,Business,2024-04-11
519,520,Female,Japan,25-34,Couple,2022-03-06
520,521,Other,France,35-44,Couple,2021-09-12
521,522,Male,Germany,25-34,Couple,2021-09-18
522,523,Male,United States,25-34,Family,2022-06-29
523,524,Female,Australia,35-44,Business,2022-09-01
524,525,Male,China,18-24,Family,2020-09-14
525,526,Female,France,25-34,Couple,2024-11-03
526,527,Female,United Arab Emirates,25-34,Solo,2021-04-08
527,528,Male,United Kingdom,35-44,Family,2022-07-21
528,529,Male,Italy,35-44,Couple,2020-12-27
529,530,Male,United Kingdom,25-34,Business,2024-04-05
530,531,Female,South Korea,45-54,Family,2022-12-27
531,532,Female,China,25-34,Solo,2022-05-13
532,533,Female,China,25-34,Solo,2022-08-28
533,534,Female,United Arab Emirates,25-34,Family,2021-10-08
534,535,Female,Spain,45-54,Family,2023-05-24
535,536,Female,Spain,35-44,Business,2025-03-26
536,537,Female,Singapore,35-44,Solo,2023-09-07
537,538,Male,Italy,18-24,Business,2020-12-05
538,539,Male,Canada,25-34,Couple,2022-04-11
539,540,Female,China,25-34,Family,2023-06-28
540,541,Male,Italy,25-34,Family,2020-11-25
541,542,Male,Japan,35-44,Business,2024-05-18
542,543,Male,Australia,35-44,Business,2025-04-08
543,544,Male,Germany,25-34,Business,2025-02-20
544,545,Male,South Korea,35-44,Couple,2021-12-18
545,546,Male,Brazil,35-44,Couple,2023-01-10
546,547,Male,United States,25-34,Solo,2022-02-04
547,548,Female,China,25-34,Family,2025-07-24
548,549,Female,United States,55+,Couple,2024-05-13
549,550,Male,South Korea,55+,Couple,2023-01-10
550,551,Male,Germany,35-44,Business,2021-08-27
551,552,Female,United States,35-44,Business,2022-08-26
552,553,Female,Mexico,25-34,Couple,2022-10-09
553,554,Male,Russia,45-54,Business,2021-02-24
554,555,Male,Japan,35-44,Couple,2023-06-19
555,556,Male,Brazil,18-24,Solo,2023-07-22
556,557,Other,Germany,55+,Family,2020-09-05
557,558,Female,United Arab Emirates,35-44,Family,2022-12-27
558,559,Female,France,25-34,Couple,2021-11-24
559,560,Male,United States,35-44,Business,2021-05-05
560,561,Female,United States,35-44,Couple,2024-09-22
561,562,Other,China,18-24,Solo,2021-05-08
562,563,Female,China,25-34,Business,2020-08-26
563,564,Male,United States,25-34,Family,2024-11-16
564,565,Male,Argentina,35-44,Solo,2022-03-26
565,566,Female,United States,35-44,Couple,2022-10-07
566,567,Male,Japan,35-44,Family,2024-08-05
567,568,Male,New Zealand,25-34,Business,2021-10-28
568,569,Male,United Kingdom,18-24,Couple,2024-11-21
569,570,Male,Spain,25-34,Family,2025-04-16
570,571,Female,Nigeria,35-44,Business,2023-10-01
571,572,Female,Italy,35-44,Business,2021-11-18
572,573,Male,United Kingdom,35-44,Solo,2023-02-03
573,574,Female,United States,18-24,Business,2022-10-17
574,575,Male,United States,35-44,Solo,2020-09-05
575,576,Male,United Kingdom,45-54,Couple,2022-07-16
576,577,Male,Germany,35-44,Family,2024-10-07
577,578,Female,China,35-44,Couple,2024-01-12
578,579,Other,Germany,25-34,Couple,2022-01-09
579,580,Male,Spain,25-34,Solo,2023-10-09
580,581,Female,Turkey,25-34,Family,2022-09-21
581,582,Male,France,35-44,Business,2021-10-14
582,583,Male,Russia,35-44,Family,2022-10-30
583,584,Male,China,45-54,Couple,2023-04-28
584,585,Female,United States,35-44,Couple,2021-01-18
585,586,Female,Japan,35-44,Business,2021-05-05
586,587,Female,Brazil,45-54,Solo,2022-02-23
587,588,Male,United States,18-24,Solo,2022-05-26
588,589,Female,Germany,45-54,Business,2023-09-07
589,590,Other,Australia,45-54,Business,2024-11-28
590,591,Female,United Kingdom,25-34,Couple,2022-10-17
591,592,Female,United Arab Emirates,45-54,Couple,2022-11-10
592,593,Male,Japan,35-44,Couple,2024-09-08
593,594,Male,China,25-34,Business,2024-09-28
594,595,Male,Russia,35-44,Family,2024-06-25
595,596,Male,France,25-34,Couple,2022-10-13
596,597,Female,Spain,55+,Business,2021-10-28
597,598,Male,United Kingdom,25-34,Solo,2025-03-29
598,599,Female,United Arab Emirates,25-34,Business,2021-02-08
599,600,Male,United States,18-24,Business,2021-02-11
600,601,Female,United Arab Emirates,35-44,Business,2024-07-07
601,602,Male,China,35-44,Couple,2023-06-18
602,603,Male,China,25-34,Business,2023-03-28
603,604,Male,United States,18-24,Business,2024-12-24
604,605,Male,Germany,35-44,Couple,2021-03-26
605,606,Other,Japan,25-34,Business,2021-01-19
606,607,Other,Germany,35-44,Business,2024-05-29
607,608,Male,India,35-44,Solo,2020-09-04
608,609,Other,Spain,35-44,Business,2024-06-03
609,610,Female,China,25-34,Couple,2022-04-02
610,611,Female,United States,35-44,Family,2022-04-17
611,612,Male,United States,18-24,Family,2023-10-10
612,613,Female,Brazil,35-44,Family,2023-05-18
613,614,Male,United Kingdom,25-34,Couple,2021-04-22
614,615,Female,Italy,35-44,Couple,2022-09-15
615,616,Other,United States,35-44,Business,2023-07-13
616,617,Other,Turkey,25-34,Business,2024-02-08
617,618,Male,France,35-44,Family,2023-01-31
618,619,Female,France,25-34,Family,2024-05-26
619,620,Other,United Kingdom,55+,Family,2020-11-20
620,621,Male,France,55+,Couple,2023-08-05
621,622,Female,Australia,18-24,Business,2025-03-23
622,623,Female,United Kingdom,35-44,Family,2021-06-18
623,624,Male,United States,45-54,Couple,2021-09-30
624,625,Male,Italy,25-34,Family,2025-02-06
625,626,Female,Russia,35-44,Solo,2024-05-07
626,627,Other,United States,45-54,Solo,2021-11-07
627,628,Female,South Korea,35-44,Family,2024-10-19
628,629,Male,Brazil,55+,Solo,2021-06-22
629,630,Female,United States,35-44,Couple,2023-12-04
630,631,Male,India,45-54,Business,2021-05-31
631,632,Female,France,25-34,Couple,2024-09-20
632,633,Female,United States,25-34,Family,2023-12-25
633,634,Female,Brazil,35-44,Couple,2023-01-02
634,635,Male,Turkey,35-44,Solo,2025-04-30
635,636,Other,Italy,55+,Business,2022-04-04
636,637,Female,Australia,25-34,Business,2023-07-10
637,638,Male,France,45-54,Couple,2025-02-18
638,639,Male,Thailand,35-44,Couple,2021-01-05
639,640,Male,Germany,25-34,Couple,2024-01-20
640,641,Male,Spain,35-44,Couple,2020-08-27
641,642,Male,Germany,25-34,Family,2024-06-14
642,643,Female,New Zealand,18-24,Business,2020-08-25
643,644,Female,Thailand,35-44,Business,2021-05-24
644,645,Male,South Africa,55+,Couple,2022-06-01
645,646,Male,United States,18-24,Business,2024-03-15
646,647,Female,United Kingdom,45-54,Family,2024-10-16
647,648,Female,India,55+,Solo,2023-12-14
648,649,Female,Japan,35-44,Couple,2024-01-22
649,650,Male,Brazil,25-34,Business,2023-04-28
650,651,Female,China,25-34,Solo,2021-12-28
651,652,Female,Brazil,35-44,Business,2020-12-01
652,653,Male,Germany,35-44,Business,2023-04-08
653,654,Female,New Zealand,18-24,Family,2024-02-02
654,655,Other,Russia,25-34,Business,2022-01-06
655,656,Female,Argentina,25-34,Couple,2020-10-26
656,657,Other,United States,25-34,Couple,2021-01-14
657,658,Female,Spain,45-54,Business,2022-06-01
658,659,Other,United States,45-54,Family,2024-05-05
659,660,Male,Egypt,35-44,Solo,2025-04-16
660,661,Male,India,25-34,Couple,2021-06-06
661,662,Male,Canada,35-44,Couple,2025-04-20
662,663,Female,United Kingdom,18-24,Business,2022-01-29
663,664,Male,South Africa,18-24,Couple,2024-10-17
664,665,Female,Italy,35-44,Couple,2022-02-26
665,666,Male,United Kingdom,25-34,Family,2021-09-08
666,667,Male,United Kingdom,55+,Solo,2024-04-20
667,668,Other,Italy,25-34,Solo,2024-04-05
668,669,Male,China,18-24,Family,2023-05-21
669,670,Other,Spain,25-34,Family,2020-09-28
670,671,Male,United States,25-34,Couple,2023-04-09
671,672,Female,Germany,45-54,Family,2023-08-15
672,673,Male,United Kingdom,55+,Business,2025-02-18
673,674,Female,Turkey,35-44,Business,2022-11-26
674,675,Other,Brazil,25-34,Couple,2021-10-24
675,676,Male,United Arab Emirates,45-54,Couple,2023-03-03
676,677,Male,Spain,55+,Couple,2024-03-19
677,678,Female,Japan,35-44,Business,2021-04-06
678,679,Female,Australia,35-44,Family,2021-10-19
679,680,Female,Thailand,35-44,Couple,2020-08-14
680,681,Female,Netherlands,25-34,Couple,2023-06-29
681,682,Female,United States,45-54,Business,2021-11-04
682,683,Female,Turkey,35-44,Solo,2022-11-19
683,684,Female,South Korea,25-34,Solo,2023-11-08
684,685,Female,South Korea,45-54,Solo,2022-07-30
685,686,Male,United Kingdom,35-44,Solo,2024-04-05
686,687,Female,Brazil,55+,Couple,2024-07-03
687,688,Female,South Africa,45-54,Couple,2022-09-27
688,689,Female,United States,18-24,Solo,2022-06-26
689,690,Male,United States,25-34,Family,2024-10-01
690,691,Male,Russia,25-34,Couple,2021-12-31
691,692,Male,China,25-34,Couple,2022-04-08
692,693,Male,Japan,45-54,Family,2022-10-08
693,694,Male,Brazil,25-34,Couple,2021-11-11
694,695,Other,United States,45-54,Couple,2023-02-26
695,696,Female,Germany,55+,Business,2021-11-03
696,697,Other,United States,25-34,Business,2024-11-23
697,698,Male,United States,35-44,Couple,2020-09-06
698,699,Female,Japan,18-24,Family,2023-06-20
699,700,Male,China,25-34,Solo,2024-07-31
700,701,Male,United States,35-44,Family,2021-12-09
701,702,Male,Germany,18-24,Couple,2024-06-03
702,703,Female,United Kingdom,25-34,Couple,2020-11-29
703,704,Female,Netherlands,25-34,Couple,2023-08-09
704,705,Female,Turkey,25-34,Couple,2025-04-14
705,706,Female,Germany,45-54,Business,2021-03-30
706,707,Male,China,25-34,Family,2021-12-29
707,708,Female,Netherlands,35-44,Couple,2021-07-30
708,709,Male,Singapore,25-34,Solo,2025-02-26
709,710,Other,United Kingdom,18-24,Couple,2023-02-02
710,711,Female,Canada,25-34,Solo,2022-09-07
711,712,Other,Germany,35-44,Couple,2023-10-14
712,713,Female,Germany,45-54,Solo,2022-06-21
713,714,Male,United Kingdom,45-54,Business,2021-05-17
714,715,Male,India,25-34,Family,2024-11-16
715,716,Male,Thailand,35-44,Couple,2022-02-07
716,717,Male,Australia,35-44,Couple,2024-06-24
717,718,Male,New Zealand,55+,Couple,2024-02-05
718,719,Female,China,25-34,Family,2021-04-24
719,720,Male,Australia,25-34,Couple,2024-10-11
720,721,Male,France,55+,Family,2024-01-27
721,722,Female,South Korea,35-44,Family,2022-05-25
722,723,Male,United States,18-24,Business,2024-09-01
723,724,Male,United States,35-44,Business,2022-04-09
724,725,Male,Russia,25-34,Family,2023-07-13
725,726,Male,United States,25-34,Couple,2024-02-03
726,727,Male,Canada,35-44,Solo,2024-03-05
727,728,Male,United Arab Emirates,35-44,Couple,2022-06-22
728,729,Male,Egypt,55+,Couple,2022-11-16
729,730,Female,United States,25-34,Couple,2023-07-28
730,731,Female,Netherlands,35-44,Solo,2024-04-14
731,732,Female,France,35-44,Business,2021-03-23
732,733,Female,Japan,35-44,Family,2021-07-05
733,734,Male,Japan,35-44,Couple,2021-11-20
734,735,Female,South Korea,45-54,Couple,2022-05-31
735,736,Female,United Kingdom,45-54,Solo,2024-02-10
736,737,Male,Canada,35-44,Business,2024-03-14
737,738,Male,Spain,55+,Couple,2022-12-11
738,739,Male,France,55+,Family,2025-01-23
739,740,Male,China,35-44,Family,2024-08-20
740,741,Male,United States,45-54,Couple,2020-09-04
741,742,Female,Egypt,25-34,Family,2024-07-19
742,743,Male,Italy,25-34,Couple,2024-02-25
743,744,Female,Russia,25-34,Couple,2023-04-19
744,745,Female,Egypt,25-34,Couple,2021-05-09
745,746,Other,India,25-34,Couple,2024-09-06
746,747,Female,United States,45-54,Family,2023-02-04
747,748,Male,China,35-44,Business,2021-12-28
748,749,Female,China,18-24,Business,2023-11-01
749,750,Other,Brazil,25-34,Family,2023-04-06
750,751,Male,Singapore,35-44,Solo,2025-04-08
751,752,Male,United States,55+,Couple,2021-12-08
752,753,Male,Argentina,35-44,Solo,2023-10-11
753,754,Other,United States,18-24,Couple,2025-04-15
754,755,Male,United States,25-34,Business,2025-01-18
755,756,Female,France,35-44,Couple,2021-03-02
756,757,Female,Canada,25-34,Business,2022-09-08
757,758,Female,United Arab Emirates,35-44,Couple,2024-12-26
758,759,Female,United States,35-44,Solo,2023-01-11
759,760,Male,Spain,25-34,Solo,2020-10-28
760,761,Female,Argentina,18-24,Solo,2024-01-28
761,762,Male,Italy,45-54,Solo,2021-08-12
762,763,Male,Spain,25-34,Solo,2024-01-06
763,764,Male,Mexico,35-44,Solo,2025-04-02
764,765,Female,United States,45-54,Couple,2021-01-11
765,766,Other,United States,25-34,Couple,2022-10-25
766,767,Male,United Arab Emirates,45-54,Couple,2022-01-20
767,768,Male,United Kingdom,45-54,Couple,2024-05-23
768,769,Female,South Korea,45-54,Business,2023-01-03
769,770,Female,Netherlands,25-34,Family,2020-10-18
770,771,Other,Japan,35-44,Business,2024-06-24
771,772,Male,Russia,35-44,Couple,2022-03-01
772,773,Male,South Africa,35-44,Solo,2025-04-16
773,774,Male,Spain,35-44,Solo,2025-01-18
774,775,Female,United States,25-34,Solo,2021-10-26
775,776,Male,Argentina,25-34,Couple,2024-01-09
776,777,Male,Argentina,55+,Business,2020-10-16
777,778,Male,United Kingdom,18-24,Couple,2024-08-01
778,779,Other,New Zealand,25-34,Family,2024-11-04
779,780,Male,United States,25-34,Business,2025-03-29
780,781,Male,Brazil,45-54,Solo,2023-02-27
781,782,Male,United States,35-44,Couple,2021-09-02
782,783,Female,United Kingdom,35-44,Couple,2024-04-03
783,784,Female,United States,18-24,Family,2025-01-18
784,785,Other,United States,25-34,Family,2022-06-14
785,786,Female,Germany,45-54,Solo,2024-02-08
786,787,Female,France,25-34,Family,2023-10-02
787,788,Female,United States,45-54,Business,2023-04-20
788,789,Male,France,25-34,Family,2024-01-14
789,790,Female,United States,25-34,Couple,2021-11-02
790,791,Other,Canada,25-34,Business,2023-05-29
791,792,Male,United Kingdom,45-54,Family,2025-01-15
792,793,Male,Germany,45-54,Solo,2023-08-31
793,794,Male,India,18-24,Couple,2023-12-10
794,795,Male,Japan,35-44,Couple,2025-04-22
795,796,Male,Japan,55+,Couple,2022-07-01
796,797,Male,China,35-44,Couple,2020-09-04
797,798,Other,Brazil,18-24,Couple,2024-07-05
798,799,Male,China,18-24,Solo,2024-08-20
799,800,Male,United States,25-34,Solo,2024-09-19
800,801,Other,United Arab Emirates,45-54,Couple,2021-08-30
801,802,Female,Brazil,25-34,Family,2020-09-24
802,803,Female,Brazil,35-44,Solo,2024-06-02
803,804,Female,Netherlands,55+,Family,2022-08-27
804,805,Male,Canada,35-44,Family,2022-08-23
805,806,Female,Canada,35-44,Solo,2025-07-08
806,807,Male,Russia,35-44,Business,2024-09-08
807,808,Female,Australia,25-34,Couple,2024-05-10
808,809,Male,India,18-24,Family,2024-10-11
809,810,Male,Germany,25-34,Business,2025-06-30
810,811,Male,United Kingdom,18-24,Business,2022-11-06
811,812,Other,Japan,25-34,Solo,2022-05-20
812,813,Male,Australia,55+,Couple,2022-02-03
813,814,Female,United States,35-44,Couple,2024-09-26
814,815,Male,China,45-54,Family,2023-06-23
815,816,Female,Australia,18-24,Business,2022-08-13
816,817,Female,Germany,55+,Family,2025-06-02
817,818,Male,Japan,45-54,Couple,2024-02-02
818,819,Male,Spain,45-54,Couple,2020-09-06
819,820,Female,France,55+,Couple,2025-01-14
820,821,Female,China,45-54,Family,2022-07-05
821,822,Male,United States,25-34,Family,2022-07-21
822,823,Male,India,35-44,Couple,2021-10-25
823,824,Other,Japan,25-34,Family,2021-06-05
824,825,Male,Brazil,35-44,Solo,2024-02-17
825,826,Female,Turkey,55+,Couple,2020-12-31
826,827,Male,France,35-44,Solo,2022-07-27
827,828,Male,Turkey,25-34,Couple,2024-04-11
828,829,Other,New Zealand,25-34,Family,2025-07-08
829,830,Male,China,25-34,Business,2021-12-05
830,831,Female,United Kingdom,25-34,Couple,2024-01-26
831,832,Male,Germany,25-34,Couple,2022-12-04
832,833,Female,Germany,18-24,Business,2023-03-10
833,834,Female,China,25-34,Solo,2022-04-01
834,835,Female,United States,25-34,Family,2022-02-12
835,836,Male,United States,45-54,Business,2023-01-27
836,837,Male,Australia,35-44,Couple,2022-08-19
837,838,Female,Nigeria,35-44,Solo,2025-01-15
838,839,Female,Russia,45-54,Couple,2024-03-20
839,840,Female,France,18-24,Solo,2020-11-25
840,841,Other,Canada,25-34,Business,2023-11-04
841,842,Female,France,25-34,Couple,2021-10-06
842,843,Male,United States,25-34,Couple,2021-08-08
843,844,Male,China,25-34,Family,2023-10-20
844,845,Female,Germany,45-54,Business,2023-02-21
845,846,Female,France,45-54,Business,2025-04-01
846,847,Female,Turkey,18-24,Couple,2023-10-16
847,848,Female,United States,25-34,Couple,2022-12-14
848,849,Female,United States,25-34,Couple,2024-04-07
849,850,Female,France,35-44,Solo,2022-11-05
850,851,Male,United Kingdom,35-44,Business,2024-01-11
851,852,Male,United States,35-44,Family,2023-05-27
852,853,Male,Turkey,45-54,Family,2022-04-09
853,854,Female,South Africa,45-54,Couple,2024-06-18
854,855,Female,United Kingdom,25-34,Solo,2021-04-08
855,856,Female,Russia,45-54,Family,2023-03-01
856,857,Male,United States,25-34,Business,2024-02-04
857,858,Female,Spain,25-34,Solo,2022-07-04
858,859,Male,South Korea,35-44,Business,2023-04-16
859,860,Male,United Kingdom,25-34,Business,2023-03-09
860,861,Male,Brazil,25-34,Couple,2021-12-21
861,862,Male,Thailand,55+,Couple,2022-11-18
862,863,Male,China,35-44,Couple,2023-06-24
863,864,Female,Canada,25-34,Couple,2022-03-29
864,865,Male,Thailand,45-54,Solo,2025-04-30
865,866,Other,Thailand,18-24,Family,2023-08-13
866,867,Male,Canada,25-34,Solo,2022-03-29
867,868,Male,South Africa,55+,Family,2021-05-15
868,869,Male,Germany,25-34,Couple,2023-01-21
869,870,Male,France,18-24,Couple,2023-09-10
870,871,Male,New Zealand,25-34,Couple,2022-07-07
871,872,Male,Japan,25-34,Couple,2022-11-15
872,873,Female,Turkey,45-54,Family,2022-06-15
873,874,Other,United Arab Emirates,25-34,Business,2024-09-18
874,875,Male,France,18-24,Business,2022-07-20
875,876,Male,Nigeria,18-24,Family,2021-02-20
876,877,Male,United States,35-44,Family,2024-01-22
877,878,Other,Canada,18-24,Couple,2022-11-29
878,879,Female,Russia,35-44,Solo,2021-05-11
879,880,Male,Canada,45-54,Couple,2024-10-14
880,881,Female,United Kingdom,18-24,Family,2023-01-17
881,882,Male,New Zealand,45-54,Solo,2024-12-25
882,883,Female,Canada,35-44,Couple,2023-10-17
883,884,Female,Brazil,18-24,Family,2025-03-19
884,885,Female,United States,25-34,Business,2024-01-15
885,886,Other,United States,18-24,Couple,2024-07-03
886,887,Female,United Kingdom,45-54,Business,2022-02-20
887,888,Other,Italy,25-34,Family,2024-03-01
888,889,Female,Italy,55+,Family,2022-09-06
889,890,Male,France,25-34,Couple,2023-09-13
890,891,Male,Italy,45-54,Solo,2023-01-14
891,892,Female,Germany,55+,Business,2024-10-29
892,893,Other,Australia,18-24,Couple,2021-07-08
893,894,Male,Canada,35-44,Couple,2022-06-08
894,895,Female,United States,25-34,Business,2021-08-15
895,896,Female,Germany,45-54,Business,2021-10-11
896,897,Male,Canada,45-54,Business,2025-05-01
897,898,Female,Germany,35-44,Couple,2020-08-29
898,899,Male,China,25-34,Business,2021-03-24
899,900,Male,Japan,35-44,Family,2021-08-05
900,901,Female,United Kingdom,25-34,Couple,2024-12-12
901,902,Male,China,25-34,Family,2022-09-09
902,903,Male,United Kingdom,35-44,Couple,2025-05-15
903,904,Male,United States,45-54,Couple,2024-05-08
904,905,Male,Nigeria,25-34,Business,2024-07-14
905,906,Other,Brazil,35-44,Business,2022-07-25
906,907,Female,Mexico,45-54,Couple,2024-03-04
907,908,Male,United Arab Emirates,18-24,Business,2023-11-17
908,909,Male,France,45-54,Couple,2023-10-29
909,910,Female,Japan,35-44,Solo,2023-10-06
910,911,Male,United Kingdom,25-34,Solo,2021-01-22
911,912,Female,Argentina,45-54,Business,2023-09-25
912,913,Male,Turkey,45-54,Couple,2022-05-12
913,914,Male,New Zealand,25-34,Family,2021-05-01
914,915,Female,United Arab Emirates,25-34,Family,2022-10-14
915,916,Male,United Kingdom,55+,Couple,2022-01-31
916,917,Other,Germany,35-44,Family,2024-12-01
917,918,Male,Italy,35-44,Couple,2022-09-22
918,919,Female,South Korea,35-44,Couple,2024-11-27
919,920,Female,Spain,25-34,Family,2024-04-28
920,921,Female,France,25-34,Couple,2023-12-09
921,922,Female,Canada,25-34,Couple,2020-11-05
922,923,Male,South Korea,25-34,Couple,2023-11-03
923,924,Female,South Africa,25-34,Couple,2023-09-26
924,925,Female,Australia,35-44,Couple,2022-02-06
925,926,Male,Nigeria,25-34,Couple,2021-09-23
926,927,Male,Brazil,35-44,Solo,2023-10-27
927,928,Male,Germany,25-34,Family,2023-10-25
928,929,Female,China,45-54,Business,2024-01-26
929,930,Female,Nigeria,35-44,Family,2023-11-25
930,931,Male,Netherlands,25-34,Solo,2024-06-05
931,932,Female,India,18-24,Couple,2021-01-25
932,933,Male,United States,18-24,Solo,2023-12-08
933,934,Female,China,25-34,Business,2021-09-03
934,935,Male,Japan,35-44,Couple,2024-01-16
935,936,Male,Egypt,25-34,Couple,2021-05-29
936,937,Female,Singapore,25-34,Business,2024-09-14
937,938,Male,United States,25-34,Couple,2023-12-23
938,939,Female,United Arab Emirates,35-44,Couple,2024-08-30
939,940,Female,United Kingdom,25-34,Business,2024-06-19
940,941,Female,United Arab Emirates,35-44,Family,2024-12-12
941,942,Female,India,35-44,Couple,2023-05-21
942,943,Male,United Kingdom,35-44,Family,2020-10-07
943,944,Female,Spain,45-54,Family,2021-02-18
944,945,Male,United States,25-34,Couple,2023-05-15
945,946,Male,United States,45-54,Couple,2024-02-23
946,947,Female,Spain,18-24,Family,2022-04-17
947,948,Female,Spain,25-34,Solo,2024-05-15
948,949,Male,United States,18-24,Family,2023-10-21
949,950,Male,Singapore,45-54,Solo,2020-11-30
950,951,Male,United States,55+,Business,2021-02-21
951,952,Male,Canada,55+,Solo,2022-06-30
952,953,Male,France,35-44,Family,2025-07-20
953,954,Male,Brazil,25-34,Couple,2024-12-26
954,955,Female,United States,35-44,Couple,2022-03-27
955,956,Male,Germany,25-34,Couple,2023-05-06
956,957,Female,Singapore,45-54,Couple,2024-05-18
957,958,Female,South Korea,18-24,Couple,2022-01-08
958,959,Male,Australia,25-34,Business,2024-11-03
959,960,Male,Russia,55+,Business,2022-08-14
960,961,Female,Germany,55+,Family,2023-12-02
961,962,Female,United States,45-54,Family,2023-09-14
962,963,Female,United Kingdom,55+,Solo,2023-03-23
963,964,Male,United States,35-44,Family,2021-12-25
964,965,Female,France,35-44,Couple,2024-07-02
965,966,Female,United Kingdom,25-34,Family,2022-01-25
966,967,Female,South Korea,25-34,Couple,2021-07-08
967,968,Female,Germany,35-44,Solo,2023-10-18
968,969,Male,United States,25-34,Solo,2022-11-25
969,970,Male,Canada,35-44,Business,2024-04-16
970,971,Female,United States,18-24,Business,2025-06-25
971,972,Female,Germany,35-44,Couple,2022-11-07
972,973,Male,United Kingdom,45-54,Business,2024-10-12
973,974,Female,United States,35-44,Family,2023-12-15
974,975,Other,United States,25-34,Couple,2024-03-30
975,976,Female,United Kingdom,35-44,Solo,2025-06-08
976,977,Female,United Kingdom,18-24,Couple,2022-06-09
977,978,Male,China,25-34,Solo,2021-01-24
978,979,Male,Japan,35-44,Family,2020-12-06
979,980,Male,United States,55+,Family,2025-07-30
980,981,Female,Canada,25-34,Couple,2023-10-10
981,982,Other,Egypt,25-34,Business,2023-05-19
982,983,Female,Netherlands,45-54,Business,2023-04-06
983,984,Female,Russia,25-34,Family,2023-04-09
984,985,Female,United Arab Emirates,35-44,Couple,2020-11-15
985,986,Female,United States,35-44,Couple,2022-06-05
986,987,Other,Germany,25-34,Solo,2024-08-07
987,988,Other,Brazil,35-44,Business,2020-12-27
988,989,Female,France,18-24,Solo,2021-06-02
989,990,Female,Germany,45-54,Solo,2022-05-06
990,991,Male,France,25-34,Business,2022-09-13
991,992,Male,United States,18-24,Family,2023-10-10
992,993,Male,United States,25-34,Couple,2024-05-17
993,994,Male,United States,25-34,Family,2025-01-20
994,995,Male,Brazil,55+,Family,2025-01-15
995,996,Other,United Kingdom,18-24,Solo,2021-12-12
996,997,Female,Japan,35-44,Solo,2021-04-14
997,998,Other,United Kingdom,55+,Business,2020-09-11
998,999,Female,United Kingdom,55+,Couple,2022-04-11
999,1000,Male,United Kingdom,25-34,Couple,2024-09-12
1000,1001,Male,France,35-44,Solo,2024-11-02
1001,1002,Female,Australia,25-34,Couple,2023-04-15
1002,1003,Female,Germany,25-34,Couple,2021-01-28
1003,1004,Male,South Korea,18-24,Business,2023-11-26
1004,1005,Male,South Korea,25-34,Family,2025-05-23
1005,1006,Female,New Zealand,55+,Family,2024-05-03
1006,1007,Female,France,18-24,Business,2021-12-25
1007,1008,Male,South Africa,25-34,Business,2023-05-16
1008,1009,Male,Canada,35-44,Solo,2024-06-20
1009,1010,Other,Spain,18-24,Couple,2023-11-21
1010,1011,Male,United Kingdom,25-34,Solo,2024-01-25
1011,1012,Other,United States,55+,Business,2020-08-10
1012,1013,Other,France,35-44,Couple,2022-06-25
1013,1014,Male,Brazil,35-44,Couple,2022-05-04
1014,1015,Male,New Zealand,25-34,Couple,2021-08-16
1015,1016,Female,United Kingdom,35-44,Couple,2023-04-06
1016,1017,Female,United Arab Emirates,45-54,Family,2025-07-10
1017,1018,Female,China,35-44,Family,2024-12-31
1018,1019,Male,Turkey,25-34,Business,2025-02-14
1019,1020,Female,Netherlands,25-34,Solo,2025-06-29
1020,1021,Male,United Arab Emirates,45-54,Couple,2020-09-09
1021,1022,Male,United States,35-44,Family,2023-08-29
1022,1023,Female,Spain,45-54,Business,2022-11-08
1023,1024,Female,China,25-34,Business,2020-12-17
1024,1025,Male,United States,25-34,Solo,2024-08-21
1025,1026,Female,Netherlands,35-44,Couple,2023-08-08
1026,1027,Male,Australia,35-44,Couple,2024-11-12
1027,1028,Female,Italy,55+,Solo,2021-12-19
1028,1029,Other,India,25-34,Solo,2021-11-06
1029,1030,Male,United Kingdom,35-44,Couple,2021-11-02
1030,1031,Female,Japan,35-44,Couple,2022-11-09
1031,1032,Other,France,25-34,Family,2025-06-13
1032,1033,Female,Brazil,25-34,Couple,2023-02-08
1033,1034,Other,China,45-54,Solo,2021-01-27
1034,1035,Female,United States,35-44,Family,2024-02-20
1035,1036,Female,Russia,45-54,Family,2024-05-06
1036,1037,Female,Canada,35-44,Couple,2024-04-17
1037,1038,Male,United States,55+,Solo,2022-10-23
1038,1039,Male,United States,45-54,Family,2020-11-28
1039,1040,Male,South Africa,45-54,Couple,2023-10-17
1040,1041,Female,China,18-24,Family,2025-05-19
1041,1042,Male,Argentina,18-24,Solo,2023-03-22
1042,1043,Female,Brazil,35-44,Couple,2024-03-03
1043,1044,Other,United States,45-54,Couple,2021-08-06
1044,1045,Male,Japan,35-44,Business,2024-07-13
1045,1046,Other,United States,18-24,Solo,2021-08-07
1046,1047,Female,Brazil,25-34,Couple,2023-08-29
1047,1048,Male,India,25-34,Business,2021-01-04
1048,1049,Male,United Kingdom,25-34,Solo,2025-01-22
1049,1050,Female,United States,45-54,Family,2021-03-29
1050,1051,Female,United Kingdom,35-44,Solo,2023-01-07
1051,1052,Male,United Kingdom,35-44,Solo,2025-01-24
1052,1053,Male,Canada,35-44,Business,2020-12-02
1053,1054,Female,Germany,18-24,Family,2021-02-03
1054,1055,Female,Germany,45-54,Family,2022-12-22
1055,1056,Male,Italy,25-34,Solo,2025-04-19
1056,1057,Female,United States,55+,Couple,2025-04-04
1057,1058,Female,South Korea,25-34,Family,2024-10-27
1058,1059,Male,Thailand,35-44,Couple,2022-06-19
1059,1060,Other,United Kingdom,45-54,Family,2024-04-02
1060,1061,Female,Japan,35-44,Solo,2022-02-06
1061,1062,Female,India,35-44,Solo,2021-03-29
1062,1063,Other,United Kingdom,45-54,Solo,2025-07-24
1063,1064,Female,Argentina,35-44,Family,2020-09-14
1064,1065,Female,United States,25-34,Family,2023-10-14
1065,1066,Female,United Kingdom,18-24,Couple,2022-05-30
1066,1067,Male,Canada,25-34,Couple,2022-08-19
1067,1068,Male,United Arab Emirates,35-44,Family,2020-10-30
1068,1069,Female,Brazil,35-44,Couple,2024-01-27
1069,1070,Female,Russia,25-34,Business,2023-07-12
1070,1071,Female,France,55+,Couple,2022-12-03
1071,1072,Female,Canada,35-44,Solo,2023-10-09
1072,1073,Male,Canada,35-44,Business,2024-11-28
1073,1074,Male,Japan,18-24,Family,2021-12-12
1074,1075,Male,Germany,35-44,Solo,2021-03-21
1075,1076,Female,Mexico,55+,Couple,2021-06-01
1076,1077,Male,United States,35-44,Couple,2021-07-21
1077,1078,Male,United Arab Emirates,35-44,Couple,2021-08-02
1078,1079,Male,Brazil,45-54,Couple,2022-07-20
1079,1080,Male,Italy,25-34,Business,2025-02-09
1080,1081,Female,Germany,45-54,Solo,2020-09-06
1081,1082,Male,France,55+,Business,2025-07-08
1082,1083,Male,United States,35-44,Couple,2021-04-30
1083,1084,Female,Canada,45-54,Solo,2024-08-11
1084,1085,Female,France,35-44,Couple,2025-06-05
1085,1086,Female,United States,25-34,Couple,2023-01-17
1086,1087,Female,United States,55+,Business,2024-08-31
1087,1088,Other,Australia,35-44,Business,2024-05-11
1088,1089,Other,Russia,25-34,Solo,2023-03-24
1089,1090,Other,Spain,35-44,Business,2024-07-04
1090,1091,Female,India,25-34,Business,2024-05-07
1091,1092,Female,Mexico,25-34,Business,2021-02-25
1092,1093,Male,Spain,35-44,Couple,2025-02-17
1093,1094,Other,United States,25-34,Couple,2024-12-17
1094,1095,Female,Argentina,25-34,Solo,2023-10-14
1095,1096,Female,Spain,45-54,Family,2020-12-11
1096,1097,Female,Japan,25-34,Couple,2023-08-27
1097,1098,Female,Canada,35-44,Family,2024-01-26
1098,1099,Male,Germany,45-54,Solo,2021-10-05
1099,1100,Male,Germany,45-54,Couple,2021-06-09
1100,1101,Female,Argentina,25-34,Couple,2025-06-04
1101,1102,Male,China,25-34,Family,2021-03-28
1102,1103,Male,United States,25-34,Solo,2025-08-05
1103,1104,Female,United States,35-44,Couple,2025-02-15
1104,1105,Female,Germany,25-34,Family,2024-11-23
1105,1106,Female,Spain,25-34,Couple,2023-04-07
1106,1107,Female,France,35-44,Family,2023-03-01
1107,1108,Female,Argentina,25-34,Family,2024-03-21
1108,1109,Female,South Africa,18-24,Couple,2022-11-06
1109,1110,Female,Thailand,25-34,Couple,2020-08-15
1110,1111,Male,United Kingdom,25-34,Couple,2024-12-24
1111,1112,Male,Japan,18-24,Business,2022-12-19
1112,1113,Male,United Kingdom,35-44,Family,2022-08-09
1113,1114,Male,Germany,25-34,Family,2021-08-26
1114,1115,Male,Thailand,35-44,Family,2025-01-25
1115,1116,Male,France,35-44,Couple,2021-06-30
1116,1117,Female,Japan,45-54,Couple,2024-01-12
1117,1118,Female,United States,25-34,Couple,2023-06-18
1118,1119,Male,Nigeria,35-44,Family,2024-03-12
1119,1120,Male,Argentina,35-44,Couple,2024-12-30
1120,1121,Female,New Zealand,55+,Solo,2020-08-23
1121,1122,Female,United Kingdom,35-44,Solo,2024-08-23
1122,1123,Female,Brazil,45-54,Family,2023-07-03
1123,1124,Male,Germany,25-34,Couple,2025-02-07
1124,1125,Female,South Korea,35-44,Solo,2024-08-14
1125,1126,Female,France,35-44,Family,2023-10-07
1126,1127,Female,France,25-34,Business,2021-03-07
1127,1128,Male,Germany,18-24,Couple,2023-02-21
1128,1129,Female,Spain,18-24,Family,2021-10-26
1129,1130,Male,Egypt,18-24,Solo,2023-10-10
1130,1131,Male,Spain,18-24,Solo,2023-12-22
1131,1132,Other,United Kingdom,25-34,Couple,2023-03-25
1132,1133,Female,Netherlands,35-44,Couple,2021-10-11
1133,1134,Female,Italy,18-24,Couple,2022-02-28
1134,1135,Male,Canada,45-54,Couple,2020-12-04
1135,1136,Female,Brazil,35-44,Couple,2023-04-20
1136,1137,Male,Nigeria,25-34,Business,2025-06-04
1137,1138,Female,Canada,25-34,Solo,2022-05-04
1138,1139,Male,China,45-54,Family,2023-04-19
1139,1140,Male,Canada,25-34,Family,2022-07-26
1140,1141,Male,Canada,35-44,Couple,2024-09-29
1141,1142,Male,Germany,35-44,Family,2021-09-06
1142,1143,Male,Australia,18-24,Family,2024-12-12
1143,1144,Female,United States,25-34,Family,2024-10-29
1144,1145,Female,United States,45-54,Solo,2023-10-15
1145,1146,Other,United Kingdom,35-44,Business,2021-10-06
1146,1147,Male,New Zealand,18-24,Solo,2020-09-05
1147,1148,Female,Spain,18-24,Family,2022-09-26
1148,1149,Other,Canada,35-44,Business,2022-10-28
1149,1150,Female,Germany,25-34,Couple,2024-01-16
1150,1151,Male,United Kingdom,45-54,Solo,2022-06-03
1151,1152,Female,France,45-54,Business,2023-12-20
1152,1153,Other,Spain,25-34,Couple,2023-05-18
1153,1154,Male,France,25-34,Solo,2022-06-19
1154,1155,Male,United States,35-44,Solo,2023-09-21
1155,1156,Female,Germany,25-34,Solo,2022-08-24
1156,1157,Male,Germany,45-54,Family,2025-06-12
1157,1158,Male,Thailand,25-34,Couple,2023-03-22
1158,1159,Female,Japan,35-44,Family,2022-11-27
1159,1160,Female,Japan,35-44,Couple,2024-07-01
1160,1161,Female,United States,25-34,Couple,2024-06-07
1161,1162,Female,United States,25-34,Couple,2021-08-23
1162,1163,Male,South Korea,45-54,Couple,2020-12-09
1163,1164,Female,Germany,55+,Couple,2024-03-20
1164,1165,Female,Germany,35-44,Family,2023-08-13
1165,1166,Male,United States,18-24,Family,2022-12-07
1166,1167,Female,Brazil,35-44,Business,2022-12-07
1167,1168,Female,Brazil,45-54,Business,2021-11-12
1168,1169,Female,Japan,55+,Business,2025-02-06
1169,1170,Male,Nigeria,25-34,Couple,2022-04-11
1170,1171,Male,Germany,35-44,Couple,2025-07-18
1171,1172,Other,Australia,25-34,Couple,2022-07-07
1172,1173,Female,United Kingdom,55+,Business,2023-07-10
1173,1174,Male,United States,55+,Couple,2025-01-17
1174,1175,Female,United Arab Emirates,18-24,Solo,2023-10-09
1175,1176,Male,Japan,35-44,Family,2024-06-07
1176,1177,Female,Brazil,25-34,Solo,2024-05-02
1177,1178,Female,France,35-44,Couple,2021-07-10
1178,1179,Female,India,55+,Family,2023-12-11
1179,1180,Male,France,35-44,Family,2024-04-13
1180,1181,Male,United States,35-44,Couple,2021-12-07
1181,1182,Male,Australia,25-34,Solo,2024-03-28
1182,1183,Male,South Africa,25-34,Couple,2021-07-27
1183,1184,Female,United Kingdom,55+,Solo,2023-05-24
1184,1185,Female,France,45-54,Couple,2024-02-10
1185,1186,Male,India,35-44,Family,2023-02-07
1186,1187,Male,Mexico,18-24,Business,2025-07-21
1187,1188,Other,Brazil,35-44,Couple,2024-05-17
1188,1189,Male,India,35-44,Solo,2025-01-26
1189,1190,Male,Turkey,55+,Business,2024-06-11
1190,1191,Female,Canada,55+,Couple,2020-12-01
1191,1192,Female,Mexico,18-24,Business,2021-11-12
1192,1193,Female,Australia,55+,Family,2020-09-24
1193,1194,Male,Netherlands,55+,Couple,2023-04-01
1194,1195,Male,Canada,18-24,Solo,2024-03-16
1195,1196,Female,France,35-44,Couple,2024-01-07
1196,1197,Male,Spain,25-34,Family,2021-01-21
1197,1198,Female,United States,25-34,Solo,2024-12-09
1198,1199,Male,India,25-34,Family,2021-11-26
1199,1200,Male,France,35-44,Family,2024-04-10
1200,1201,Male,Russia,45-54,Solo,2021-11-24
1201,1202,Male,South Korea,55+,Couple,2024-07-02
1202,1203,Male,Canada,35-44,Business,2025-06-25
1203,1204,Female,France,18-24,Couple,2023-06-28
1204,1205,Male,Canada,25-34,Family,2020-08-22
1205,1206,Female,Canada,35-44,Family,2023-07-25
1206,1207,Female,France,55+,Business,2023-03-22
1207,1208,Male,New Zealand,35-44,Solo,2022-09-17
1208,1209,Female,South Africa,55+,Business,2021-04-23
1209,1210,Male,Mexico,55+,Family,2020-09-14
1210,1211,Other,Turkey,25-34,Family,2025-02-25
1211,1212,Male,United Kingdom,25-34,Couple,2022-02-25
1212,1213,Male,China,25-34,Solo,2021-05-10
1213,1214,Male,United States,35-44,Couple,2021-09-06
1214,1215,Male,United States,35-44,Business,2023-08-21
1215,1216,Female,United Kingdom,25-34,Family,2024-02-18
1216,1217,Female,United States,45-54,Business,2022-04-06
1217,1218,Female,United Kingdom,45-54,Couple,2024-08-10
1218,1219,Male,Spain,55+,Solo,2024-03-31
1219,1220,Other,Egypt,25-34,Family,2020-08-12
1220,1221,Male,New Zealand,25-34,Couple,2024-06-21
1221,1222,Male,India,25-34,Family,2021-11-06
1222,1223,Male,China,35-44,Business,2024-06-01
1223,1224,Male,United States,35-44,Family,2021-04-21
1224,1225,Male,United States,35-44,Couple,2022-05-11
1225,1226,Female,United States,25-34,Solo,2023-06-23
1226,1227,Female,Australia,25-34,Family,2025-01-02
1227,1228,Male,United States,25-34,Solo,2024-08-22
1228,1229,Male,Russia,25-34,Couple,2021-11-07
1229,1230,Female,Germany,25-34,Couple,2023-08-25
1230,1231,Female,Germany,35-44,Couple,2024-01-18
1231,1232,Female,Spain,35-44,Family,2025-04-19
1232,1233,Male,Russia,55+,Business,2024-07-26
1233,1234,Male,Brazil,45-54,Family,2021-11-02
1234,1235,Female,Japan,35-44,Couple,2023-11-01
1235,1236,Other,United States,45-54,Couple,2025-06-05
1236,1237,Female,China,35-44,Family,2021-05-02
1237,1238,Male,India,25-34,Family,2021-09-20
1238,1239,Male,Italy,18-24,Solo,2025-04-19
1239,1240,Female,Japan,55+,Couple,2022-01-21
1240,1241,Female,Brazil,25-34,Family,2022-06-26
1241,1242,Female,Germany,35-44,Family,2021-02-03
1242,1243,Male,Russia,25-34,Couple,2021-01-29
1243,1244,Female,South Africa,35-44,Business,2021-12-24
1244,1245,Female,United States,25-34,Couple,2023-12-02
1245,1246,Male,United Kingdom,25-34,Business,2024-11-23
1246,1247,Male,Italy,25-34,Couple,2020-11-28
1247,1248,Male,France,25-34,Business,2022-04-25
1248,1249,Male,Germany,35-44,Solo,2025-06-29
1249,1250,Female,France,25-34,Couple,2022-12-16
1250,1251,Male,United Kingdom,25-34,Solo,2025-04-12
1251,1252,Other,Brazil,25-34,Family,2024-06-06
1252,1253,Male,United States,25-34,Solo,2024-03-05
1253,1254,Female,Canada,18-24,Family,2021-09-05
1254,1255,Male,Brazil,35-44,Family,2024-09-30
1255,1256,Male,United States,25-34,Solo,2024-05-24
1256,1257,Other,Germany,55+,Couple,2021-02-22
1257,1258,Male,Japan,45-54,Couple,2021-06-29
1258,1259,Other,Thailand,25-34,Couple,2022-06-05
1259,1260,Female,China,45-54,Couple,2023-08-27
1260,1261,Female,South Korea,35-44,Business,2023-02-23
1261,1262,Female,Japan,35-44,Solo,2021-08-07
1262,1263,Female,Italy,35-44,Business,2022-12-24
1263,1264,Female,South Korea,35-44,Couple,2025-05-10
1264,1265,Female,United Kingdom,35-44,Couple,2022-12-06
1265,1266,Female,United States,25-34,Business,2023-02-22
1266,1267,Male,Italy,35-44,Solo,2022-10-03
1267,1268,Female,Brazil,35-44,Couple,2022-03-16
1268,1269,Male,United Kingdom,45-54,Solo,2023-11-28
1269,1270,Female,United Kingdom,45-54,Solo,2021-05-01
1270,1271,Female,South Korea,45-54,Couple,2024-05-25
1271,1272,Male,United Kingdom,45-54,Family,2022-04-22
1272,1273,Male,Australia,25-34,Couple,2021-02-13
1273,1274,Female,Australia,18-24,Couple,2023-05-11
1274,1275,Female,Mexico,45-54,Business,2025-04-11
1275,1276,Female,France,45-54,Business,2022-11-17
1276,1277,Male,South Africa,25-34,Family,2025-05-20
1277,1278,Male,Turkey,25-34,Couple,2023-09-12
1278,1279,Male,United Kingdom,25-34,Business,2021-02-08
1279,1280,Female,Germany,35-44,Family,2021-12-20
1280,1281,Male,South Korea,45-54,Family,2025-01-02
1281,1282,Female,Australia,55+,Solo,2023-01-16
1282,1283,Male,South Korea,25-34,Business,2024-01-26
1283,1284,Male,Canada,55+,Couple,2021-10-09
1284,1285,Female,France,35-44,Business,2020-10-02
1285,1286,Male,Mexico,35-44,Family,2021-08-02
1286,1287,Male,Spain,18-24,Solo,2022-12-24
1287,1288,Female,China,35-44,Family,2024-08-15
1288,1289,Male,China,25-34,Business,2022-10-24
1289,1290,Other,United States,35-44,Family,2021-09-27
1290,1291,Female,Italy,35-44,Solo,2020-11-09
1291,1292,Other,United States,25-34,Business,2021-12-13
1292,1293,Male,South Africa,25-34,Couple,2021-03-04
1293,1294,Other,Canada,55+,Solo,2023-10-13
1294,1295,Female,Argentina,25-34,Business,2025-07-20
1295,1296,Female,Japan,25-34,Family,2023-01-17
1296,1297,Male,United States,25-34,Solo,2024-01-19
1297,1298,Female,Brazil,25-34,Couple,2025-03-05
1298,1299,Male,Japan,25-34,Family,2023-12-05
1299,1300,Female,Japan,45-54,Couple,2021-10-11
1300,1301,Male,United Kingdom,25-34,Couple,2020-08-16
1301,1302,Male,Russia,55+,Solo,2024-09-15
1302,1303,Male,United Kingdom,35-44,Solo,2020-10-02
1303,1304,Female,Canada,35-44,Solo,2025-02-23
1304,1305,Male,Brazil,25-34,Couple,2021-10-15
1305,1306,Female,Brazil,45-54,Family,2022-12-22
1306,1307,Female,China,25-34,Couple,2023-06-08
1307,1308,Male,United Kingdom,25-34,Solo,2023-08-17
1308,1309,Female,Canada,25-34,Couple,2024-07-23
1309,1310,Female,Italy,25-34,Solo,2025-01-06
1310,1311,Other,United States,35-44,Solo,2023-09-30
1311,1312,Male,Brazil,35-44,Couple,2021-07-21
1312,1313,Female,China,25-34,Business,2022-10-09
1313,1314,Female,China,35-44,Business,2024-02-05
1314,1315,Male,Japan,18-24,Couple,2021-09-21
1315,1316,Female,United Kingdom,35-44,Couple,2021-01-01
1316,1317,Female,China,45-54,Family,2022-12-08
1317,1318,Female,China,25-34,Couple,2024-07-02
1318,1319,Male,New Zealand,25-34,Business,2020-11-18
1319,1320,Other,South Korea,55+,Family,2022-04-20
1320,1321,Female,Turkey,45-54,Solo,2024-02-10
1321,1322,Female,United Kingdom,55+,Solo,2023-11-14
1322,1323,Female,Italy,35-44,Solo,2024-09-19
1323,1324,Other,South Africa,25-34,Business,2023-02-01
1324,1325,Male,China,25-34,Business,2023-03-13
1325,1326,Male,Italy,35-44,Solo,2022-12-06
1326,1327,Male,South Africa,45-54,Business,2025-02-14
1327,1328,Male,France,25-34,Couple,2022-09-09
1328,1329,Female,China,35-44,Family,2023-07-12
1329,1330,Other,China,18-24,Solo,2023-05-21
1330,1331,Female,Argentina,25-34,Family,2022-09-19
1331,1332,Female,Canada,35-44,Solo,2022-07-19
1332,1333,Male,Mexico,55+,Business,2025-04-04
1333,1334,Female,Brazil,35-44,Couple,2023-01-15
1334,1335,Male,China,18-24,Business,2024-02-15
1335,1336,Female,United States,18-24,Business,2022-03-18
1336,1337,Female,United Kingdom,25-34,Couple,2023-05-22
1337,1338,Male,New Zealand,25-34,Family,2025-07-01
1338,1339,Male,United Arab Emirates,35-44,Couple,2020-12-19
1339,1340,Male,Spain,55+,Couple,2021-10-01
1340,1341,Female,Netherlands,55+,Solo,2020-11-19
1341,1342,Male,New Zealand,25-34,Couple,2025-01-11
1342,1343,Male,France,25-34,Couple,2023-08-21
1343,1344,Male,Thailand,25-34,Family,2022-12-08
1344,1345,Female,Mexico,18-24,Family,2024-06-11
1345,1346,Other,United States,35-44,Couple,2024-05-23
1346,1347,Male,Germany,25-34,Business,2023-01-04
1347,1348,Female,Italy,25-34,Solo,2025-05-13
1348,1349,Female,Brazil,35-44,Family,2020-09-14
1349,1350,Male,United Kingdom,18-24,Business,2021-02-26
1350,1351,Other,United States,55+,Family,2024-10-12
1351,1352,Male,United States,45-54,Business,2023-11-09
1352,1353,Female,France,25-34,Business,2023-11-22
1353,1354,Female,United Kingdom,35-44,Business,2023-03-06
1354,1355,Male,Japan,55+,Couple,2023-10-21
1355,1356,Male,France,35-44,Solo,2021-11-22
1356,1357,Male,Germany,35-44,Couple,2022-10-27
1357,1358,Female,United Kingdom,55+,Couple,2022-02-26
1358,1359,Female,Turkey,45-54,Family,2021-10-10
1359,1360,Female,Mexico,35-44,Solo,2021-03-08
1360,1361,Male,Netherlands,35-44,Couple,2021-09-07
1361,1362,Male,Germany,35-44,Couple,2022-03-04
1362,1363,Female,India,25-34,Business,2023-01-17
1363,1364,Male,China,35-44,Business,2024-10-06
1364,1365,Female,South Korea,35-44,Solo,2022-05-10
1365,1366,Male,South Korea,35-44,Couple,2023-02-20
1366,1367,Male,China,25-34,Couple,2023-03-13
1367,1368,Female,Germany,25-34,Solo,2024-04-08
1368,1369,Other,India,55+,Business,2025-03-01
1369,1370,Male,Australia,35-44,Family,2021-03-01
1370,1371,Male,Germany,35-44,Family,2020-12-01
1371,1372,Female,Brazil,18-24,Business,2024-05-06
1372,1373,Male,United States,55+,Business,2022-09-24
1373,1374,Other,France,25-34,Couple,2022-05-11
1374,1375,Male,Spain,35-44,Business,2023-04-26
1375,1376,Male,United Kingdom,55+,Couple,2023-01-22
1376,1377,Male,Thailand,45-54,Business,2023-06-18
1377,1378,Male,Australia,18-24,Business,2023-12-24
1378,1379,Female,France,25-34,Solo,2024-09-29
1379,1380,Female,South Africa,25-34,Family,2024-05-30
1380,1381,Male,United Kingdom,25-34,Family,2025-02-24
1381,1382,Other,Spain,25-34,Couple,2022-04-03
1382,1383,Female,South Africa,35-44,Business,2024-12-10
1383,1384,Male,China,25-34,Solo,2020-10-09
1384,1385,Female,United Kingdom,25-34,Business,2023-10-20
1385,1386,Male,Canada,18-24,Couple,2023-08-10
1386,1387,Male,China,25-34,Solo,2023-03-22
1387,1388,Female,Singapore,35-44,Solo,2022-06-18
1388,1389,Male,South Africa,25-34,Couple,2023-05-11
1389,1390,Male,Spain,35-44,Business,2021-03-03
1390,1391,Female,United Arab Emirates,55+,Solo,2022-07-26
1391,1392,Other,New Zealand,35-44,Solo,2023-02-01
1392,1393,Male,South Korea,45-54,Business,2022-11-30
1393,1394,Male,Brazil,25-34,Couple,2022-08-17
1394,1395,Other,France,55+,Solo,2021-08-23
1395,1396,Male,South Korea,25-34,Solo,2023-01-07
1396,1397,Male,United Kingdom,55+,Couple,2024-12-25
1397,1398,Male,Argentina,18-24,Family,2022-06-25
1398,1399,Female,Germany,25-34,Couple,2025-02-24
1399,1400,Male,France,35-44,Family,2021-12-06
1400,1401,Male,United Kingdom,25-34,Solo,2023-05-11
1401,1402,Female,China,35-44,Business,2020-10-06
1402,1403,Female,United Kingdom,35-44,Business,2023-10-10
1403,1404,Male,Japan,25-34,Couple,2024-11-21
1404,1405,Female,New Zealand,25-34,Family,2024-12-29
1405,1406,Female,United States,35-44,Business,2022-12-31
1406,1407,Other,Germany,55+,Couple,2022-02-22
1407,1408,Male,France,45-54,Couple,2024-03-13
1408,1409,Male,Mexico,25-34,Couple,2021-05-08
1409,1410,Female,India,25-34,Family,2022-09-18
1410,1411,Other,China,55+,Solo,2021-08-16
1411,1412,Male,United Kingdom,35-44,Family,2021-01-11
1412,1413,Female,Australia,35-44,Couple,2022-11-21
1413,1414,Other,Germany,35-44,Business,2025-04-08
1414,1415,Male,Nigeria,55+,Business,2020-10-05
1415,1416,Male,Canada,35-44,Family,2023-11-02
1416,1417,Male,United States,25-34,Family,2021-03-22
1417,1418,Female,France,25-34,Family,2024-05-19
1418,1419,Female,South Korea,35-44,Couple,2021-12-27
1419,1420,Male,France,45-54,Couple,2024-06-21
1420,1421,Male,Australia,25-34,Business,2021-12-18
1421,1422,Female,United States,35-44,Couple,2020-11-04
1422,1423,Female,United States,35-44,Family,2022-04-25
1423,1424,Male,Mexico,55+,Couple,2025-05-17
1424,1425,Male,United Kingdom,35-44,Business,2024-06-30
1425,1426,Female,Netherlands,18-24,Solo,2021-06-08
1426,1427,Female,Brazil,25-34,Family,2023-10-12
1427,1428,Male,Canada,25-34,Business,2024-02-10
1428,1429,Male,Japan,18-24,Family,2024-06-07
1429,1430,Female,United Kingdom,45-54,Family,2022-07-07
1430,1431,Male,United Arab Emirates,25-34,Business,2020-10-16
1431,1432,Female,Netherlands,25-34,Couple,2022-03-11
1432,1433,Female,Brazil,35-44,Solo,2024-06-14
1433,1434,Female,Japan,55+,Couple,2023-05-05
1434,1435,Male,South Africa,35-44,Solo,2023-10-23
1435,1436,Male,Brazil,55+,Family,2024-11-18
1436,1437,Male,Italy,35-44,Couple,2022-06-29
1437,1438,Female,United States,35-44,Business,2024-02-01
1438,1439,Other,New Zealand,35-44,Couple,2021-04-19
1439,1440,Male,India,25-34,Couple,2024-02-25
1440,1441,Male,India,25-34,Family,2023-03-11
1441,1442,Male,United States,35-44,Business,2025-03-31
1442,1443,Other,South Africa,45-54,Family,2024-06-14
1443,1444,Male,United Kingdom,55+,Family,2021-05-25
1444,1445,Male,United States,35-44,Business,2024-09-29
1445,1446,Male,Japan,35-44,Family,2022-12-25
1446,1447,Male,Egypt,35-44,Business,2025-04-29
1447,1448,Male,Argentina,25-34,Family,2024-10-15
1448,1449,Female,Brazil,55+,Family,2024-05-19
1449,1450,Male,United States,25-34,Couple,2020-12-23
1450,1451,Male,Germany,25-34,Business,2024-03-16
1451,1452,Male,China,35-44,Couple,2023-05-20
1452,1453,Male,Spain,35-44,Business,2025-02-18
1453,1454,Female,Australia,45-54,Solo,2021-12-23
1454,1455,Female,China,55+,Couple,2022-10-30
1455,1456,Female,China,55+,Couple,2020-12-21
1456,1457,Male,Canada,25-34,Couple,2025-07-18
1457,1458,Female,Germany,35-44,Couple,2023-06-13
1458,1459,Male,Germany,55+,Business,2023-07-16
1459,1460,Male,United States,45-54,Couple,2024-10-21
1460,1461,Male,Spain,25-34,Family,2023-11-25
1461,1462,Male,Canada,18-24,Solo,2021-07-24
1462,1463,Male,Brazil,25-34,Couple,2021-10-27
1463,1464,Female,United Kingdom,25-34,Couple,2025-06-12
1464,1465,Male,South Korea,25-34,Business,2022-01-14
1465,1466,Male,Canada,18-24,Couple,2024-07-16
1466,1467,Male,India,45-54,Family,2020-10-14
1467,1468,Female,United Kingdom,25-34,Couple,2024-05-08
1468,1469,Male,Singapore,45-54,Business,2022-08-17
1469,1470,Female,South Korea,45-54,Couple,2021-11-19
1470,1471,Female,Germany,55+,Couple,2023-02-20
1471,1472,Female,United States,25-34,Couple,2024-02-27
1472,1473,Female,Thailand,25-34,Couple,2025-07-10
1473,1474,Male,Germany,25-34,Family,2023-11-01
1474,1475,Male,United Kingdom,35-44,Solo,2023-10-20
1475,1476,Male,Canada,45-54,Business,2021-03-23
1476,1477,Other,France,25-34,Couple,2020-09-20
1477,1478,Female,Japan,45-54,Solo,2021-03-21
1478,1479,Female,Argentina,18-24,Couple,2022-08-10
1479,1480,Female,Argentina,35-44,Solo,2022-01-20
1480,1481,Male,Japan,25-34,Solo,2023-02-28
1481,1482,Male,United Kingdom,45-54,Business,2024-01-02
1482,1483,Male,United Kingdom,25-34,Solo,2021-09-17
1483,1484,Male,Australia,45-54,Family,2023-06-05
1484,1485,Male,Russia,25-34,Couple,2022-03-20
1485,1486,Other,United Kingdom,45-54,Family,2021-02-12
1486,1487,Male,United States,35-44,Couple,2025-02-06
1487,1488,Female,Russia,35-44,Solo,2024-03-26
1488,1489,Male,United Kingdom,45-54,Family,2025-03-27
1489,1490,Female,United States,25-34,Couple,2024-02-04
1490,1491,Female,Japan,25-34,Business,2023-02-16
1491,1492,Female,United Arab Emirates,25-34,Business,2024-07-21
1492,1493,Male,Spain,35-44,Couple,2023-10-27
1493,1494,Other,China,45-54,Couple,2023-02-04
1494,1495,Male,Brazil,25-34,Family,2020-10-27
1495,1496,Female,United States,55+,Couple,2025-04-27
1496,1497,Other,United Kingdom,25-34,Business,2025-01-31
1497,1498,Male,China,35-44,Family,2022-06-25
1498,1499,Male,United States,55+,Solo,2021-10-11
1499,1500,Female,Turkey,25-34,Family,2021-05-14
1500,1501,Other,New Zealand,35-44,Couple,2023-02-27
1501,1502,Female,Australia,35-44,Family,2020-08-23
1502,1503,Male,Italy,35-44,Couple,2022-03-15
1503,1504,Male,Germany,25-34,Couple,2022-07-12
1504,1505,Male,Spain,25-34,Solo,2025-05-10
1505,1506,Other,Spain,55+,Couple,2023-12-28
1506,1507,Male,France,25-34,Business,2025-03-16
1507,1508,Male,Netherlands,25-34,Business,2023-09-19
1508,1509,Male,United Kingdom,35-44,Business,2022-07-04
1509,1510,Female,United States,35-44,Solo,2021-01-22
1510,1511,Male,India,25-34,Couple,2022-10-02
1511,1512,Male,Germany,25-34,Couple,2020-10-03
1512,1513,Male,Brazil,25-34,Business,2024-03-04
1513,1514,Other,Japan,45-54,Couple,2022-06-17
1514,1515,Male,United Kingdom,25-34,Solo,2025-02-07
1515,1516,Other,China,18-24,Family,2023-12-29
1516,1517,Female,Turkey,25-34,Family,2023-08-01
1517,1518,Female,South Korea,25-34,Family,2021-10-09
1518,1519,Male,United Arab Emirates,35-44,Business,2021-09-13
1519,1520,Female,United Arab Emirates,25-34,Couple,2023-08-18
1520,1521,Female,United States,18-24,Solo,2025-05-31
1521,1522,Male,China,18-24,Family,2021-07-30
1522,1523,Female,Brazil,18-24,Solo,2023-05-06
1523,1524,Male,Australia,25-34,Business,2024-05-06
1524,1525,Female,Germany,35-44,Business,2024-07-01
1525,1526,Female,Turkey,45-54,Solo,2023-05-07
1526,1527,Female,Brazil,18-24,Solo,2024-11-08
1527,1528,Female,United States,25-34,Couple,2025-05-14
1528,1529,Male,United Kingdom,35-44,Solo,2021-11-20
1529,1530,Female,France,45-54,Couple,2020-09-04
1530,1531,Female,India,25-34,Solo,2022-12-26
1531,1532,Male,Canada,25-34,Solo,2022-09-30
1532,1533,Female,United Kingdom,35-44,Family,2023-10-28
1533,1534,Male,United States,18-24,Couple,2022-11-01
1534,1535,Female,United Kingdom,35-44,Family,2022-06-05
1535,1536,Male,United Kingdom,25-34,Solo,2023-10-28
1536,1537,Female,United States,45-54,Solo,2023-10-10
1537,1538,Female,United States,35-44,Couple,2022-04-03
1538,1539,Male,Brazil,25-34,Couple,2023-07-07
1539,1540,Male,United Kingdom,45-54,Couple,2024-01-20
1540,1541,Other,United Kingdom,35-44,Family,2024-08-06
1541,1542,Other,United States,18-24,Couple,2020-09-12
1542,1543,Male,United Kingdom,25-34,Family,2024-09-21
1543,1544,Male,Japan,25-34,Solo,2023-05-16
1544,1545,Male,Thailand,25-34,Couple,2023-04-12
1545,1546,Female,Japan,55+,Business,2024-11-27
1546,1547,Male,China,25-34,Business,2021-11-23
1547,1548,Male,Italy,25-34,Solo,2021-12-27
1548,1549,Female,Canada,45-54,Family,2024-03-12
1549,1550,Female,Germany,35-44,Couple,2023-03-16
1550,1551,Female,United Kingdom,35-44,Solo,2021-03-12
1551,1552,Female,China,18-24,Solo,2020-10-16
1552,1553,Other,Spain,45-54,Family,2024-05-25
1553,1554,Male,Canada,18-24,Solo,2021-06-16
1554,1555,Male,Australia,45-54,Couple,2024-05-21
1555,1556,Other,South Africa,35-44,Business,2025-06-24
1556,1557,Male,France,45-54,Business,2025-07-16
1557,1558,Female,Japan,55+,Family,2021-12-18
1558,1559,Female,Germany,55+,Business,2022-06-27
1559,1560,Female,Mexico,25-34,Business,2023-07-06
1560,1561,Male,United Kingdom,55+,Family,2024-06-12
1561,1562,Female,United States,45-54,Family,2023-03-15
1562,1563,Female,Brazil,25-34,Couple,2025-06-24
1563,1564,Female,China,25-34,Solo,2024-07-28
1564,1565,Male,Japan,45-54,Couple,2021-01-06
1565,1566,Female,Russia,25-34,Couple,2021-03-06
1566,1567,Female,Canada,25-34,Solo,2023-11-30
1567,1568,Female,United Kingdom,25-34,Business,2024-03-08
1568,1569,Male,Japan,35-44,Family,2025-06-24
1569,1570,Male,Netherlands,18-24,Couple,2023-07-14
1570,1571,Female,Russia,18-24,Business,2022-09-28
1571,1572,Male,United Kingdom,25-34,Couple,2022-03-14
1572,1573,Female,France,45-54,Family,2022-03-29
1573,1574,Male,Italy,35-44,Family,2021-04-08
1574,1575,Female,New Zealand,25-34,Solo,2022-08-16
1575,1576,Other,Japan,25-34,Couple,2023-01-28
1576,1577,Male,Germany,25-34,Couple,2025-03-30
1577,1578,Female,United Kingdom,45-54,Solo,2023-11-19
1578,1579,Male,China,35-44,Couple,2024-02-18
1579,1580,Male,United Kingdom,25-34,Solo,2022-10-26
1580,1581,Male,Australia,25-34,Business,2024-01-09
1581,1582,Female,Germany,35-44,Business,2023-08-07
1582,1583,Male,Russia,25-34,Solo,2022-10-16
1583,1584,Female,Germany,45-54,Family,2021-10-28
1584,1585,Female,New Zealand,45-54,Business,2020-08-19
1585,1586,Male,United Kingdom,35-44,Couple,2024-01-30
1586,1587,Male,Mexico,18-24,Couple,2021-12-12
1587,1588,Female,Germany,55+,Solo,2025-03-01
1588,1589,Male,Turkey,45-54,Couple,2022-12-27
1589,1590,Male,United Kingdom,25-34,Family,2021-06-18
1590,1591,Female,Australia,35-44,Family,2025-03-29
1591,1592,Female,United States,25-34,Couple,2024-11-16
1592,1593,Male,Brazil,35-44,Business,2023-09-28
1593,1594,Male,United Arab Emirates,45-54,Solo,2023-11-03
1594,1595,Male,Thailand,25-34,Couple,2024-01-24
1595,1596,Male,United States,45-54,Business,2022-08-23
1596,1597,Male,Canada,25-34,Family,2023-03-08
1597,1598,Female,Italy,25-34,Couple,2024-06-23
1598,1599,Female,China,45-54,Family,2023-10-28
1599,1600,Female,New Zealand,25-34,Solo,2021-03-21
1600,1601,Male,New Zealand,45-54,Couple,2023-07-27
1601,1602,Male,Brazil,35-44,Solo,2025-06-24
1602,1603,Male,Turkey,55+,Family,2024-09-05
1603,1604,Other,United States,25-34,Family,2021-04-26
1604,1605,Female,France,25-34,Solo,2021-04-12
1605,1606,Male,United States,55+,Family,2022-10-31
1606,1607,Other,Germany,35-44,Couple,2020-10-02
1607,1608,Female,China,25-34,Couple,2024-03-20
1608,1609,Female,Argentina,45-54,Solo,2024-03-10
1609,1610,Male,Brazil,25-34,Couple,2022-07-18
1610,1611,Female,China,25-34,Couple,2023-01-27
1611,1612,Other,Brazil,55+,Family,2021-07-29
1612,1613,Male,Brazil,25-34,Business,2023-01-30
1613,1614,Other,Spain,45-54,Couple,2025-03-15
1614,1615,Female,United States,45-54,Business,2022-03-23
1615,1616,Male,France,25-34,Business,2023-06-05
1616,1617,Male,Canada,25-34,Family,2022-08-02
1617,1618,Male,Italy,35-44,Couple,2023-11-26
1618,1619,Other,Nigeria,18-24,Business,2023-03-30
1619,1620,Female,France,35-44,Solo,2024-09-02
1620,1621,Female,Germany,25-34,Business,2024-11-13
1621,1622,Other,Mexico,18-24,Family,2021-06-04
1622,1623,Male,United Arab Emirates,35-44,Solo,2023-10-27
1623,1624,Male,Mexico,35-44,Business,2023-01-09
1624,1625,Male,United States,25-34,Family,2022-05-03
1625,1626,Male,Turkey,35-44,Family,2021-12-09
1626,1627,Female,Canada,45-54,Family,2023-07-29
1627,1628,Male,United Kingdom,55+,Business,2022-10-05
1628,1629,Female,Japan,25-34,Family,2020-11-17
1629,1630,Female,United Kingdom,18-24,Business,2022-11-05
1630,1631,Male,Mexico,35-44,Family,2025-08-04
1631,1632,Male,Japan,55+,Family,2024-02-17
1632,1633,Male,Russia,55+,Family,2021-11-04
1633,1634,Male,Italy,25-34,Solo,2021-12-23
1634,1635,Female,United States,25-34,Family,2025-02-15
1635,1636,Male,Spain,35-44,Solo,2023-06-13
1636,1637,Male,South Korea,35-44,Couple,2025-06-15
1637,1638,Male,United States,25-34,Family,2020-12-17
1638,1639,Female,United Kingdom,25-34,Family,2023-03-14
1639,1640,Female,United Kingdom,25-34,Couple,2021-03-28
1640,1641,Female,Canada,18-24,Couple,2023-05-22
1641,1642,Male,France,35-44,Family,2023-08-31
1642,1643,Female,United States,45-54,Couple,2024-07-03
1643,1644,Male,China,45-54,Family,2022-04-26
1644,1645,Female,China,55+,Family,2022-09-22
1645,1646,Male,United States,25-34,Solo,2024-06-18
1646,1647,Female,United States,18-24,Couple,2022-08-20
1647,1648,Male,Brazil,25-34,Business,2023-09-27
1648,1649,Male,Netherlands,25-34,Solo,2022-10-12
1649,1650,Male,Russia,25-34,Couple,2022-11-28
1650,1651,Female,Australia,35-44,Business,2022-05-07
1651,1652,Female,United Kingdom,45-54,Solo,2024-08-08
1652,1653,Female,South Korea,25-34,Couple,2020-08-16
1653,1654,Male,United Kingdom,25-34,Solo,2020-12-27
1654,1655,Female,India,25-34,Solo,2021-08-17
1655,1656,Male,United States,18-24,Couple,2020-11-28
1656,1657,Male,India,25-34,Couple,2023-12-02
1657,1658,Male,Australia,45-54,Business,2022-11-02
1658,1659,Female,United Kingdom,35-44,Solo,2024-02-15
1659,1660,Male,Turkey,25-34,Solo,2020-11-08
1660,1661,Male,Argentina,35-44,Couple,2024-06-05
1661,1662,Other,Australia,25-34,Business,2021-08-19
1662,1663,Male,Germany,35-44,Couple,2021-07-08
1663,1664,Male,Japan,18-24,Solo,2021-02-26
1664,1665,Female,United States,55+,Couple,2023-01-07
1665,1666,Female,United States,45-54,Business,2023-08-10
1666,1667,Female,Spain,35-44,Business,2025-06-22
1667,1668,Female,New Zealand,55+,Couple,2021-08-30
1668,1669,Male,Mexico,35-44,Couple,2022-08-21
1669,1670,Male,India,35-44,Business,2025-04-30
1670,1671,Female,Australia,35-44,Family,2021-07-19
1671,1672,Male,South Korea,25-34,Solo,2025-06-13
1672,1673,Female,South Korea,25-34,Solo,2023-08-19
1673,1674,Female,Argentina,35-44,Solo,2021-07-07
1674,1675,Female,Japan,55+,Couple,2023-11-21
1675,1676,Male,Thailand,35-44,Family,2023-10-04
1676,1677,Female,Argentina,45-54,Family,2021-04-20
1677,1678,Female,France,45-54,Solo,2024-06-14
1678,1679,Male,New Zealand,25-34,Solo,2021-10-06
1679,1680,Other,China,35-44,Couple,2022-09-26
1680,1681,Male,China,55+,Family,2024-03-15
1681,1682,Male,Turkey,35-44,Couple,2023-04-10
1682,1683,Female,United States,18-24,Couple,2023-04-17
1683,1684,Male,United Arab Emirates,25-34,Couple,2022-08-17
1684,1685,Other,Argentina,35-44,Business,2024-08-28
1685,1686,Female,United Kingdom,35-44,Family,2021-03-24
1686,1687,Male,United States,25-34,Couple,2024-03-20
1687,1688,Male,France,18-24,Couple,2021-04-21
1688,1689,Other,India,35-44,Couple,2023-09-25
1689,1690,Male,United States,45-54,Business,2021-07-03
1690,1691,Other,Germany,55+,Family,2023-01-03
1691,1692,Female,China,45-54,Solo,2023-09-28
1692,1693,Male,United Kingdom,35-44,Solo,2021-04-02
1693,1694,Female,United States,35-44,Family,2023-12-07
1694,1695,Male,Germany,25-34,Business,2022-11-20
1695,1696,Female,United Kingdom,25-34,Couple,2022-01-07
1696,1697,Female,Germany,18-24,Family,2021-07-26
1697,1698,Male,United Arab Emirates,35-44,Family,2023-07-24
1698,1699,Female,Turkey,35-44,Solo,2021-08-06
1699,1700,Male,Mexico,35-44,Couple,2024-08-06
1700,1701,Other,France,45-54,Couple,2024-12-31
1701,1702,Male,South Korea,55+,Business,2021-09-03
1702,1703,Female,United Kingdom,35-44,Family,2021-07-06
1703,1704,Male,Canada,55+,Family,2023-02-01
1704,1705,Other,United Kingdom,35-44,Couple,2025-01-08
1705,1706,Male,Italy,35-44,Solo,2024-09-02
1706,1707,Female,Japan,25-34,Couple,2024-10-20
1707,1708,Female,Australia,25-34,Couple,2025-05-28
1708,1709,Female,United Kingdom,35-44,Business,2022-12-26
1709,1710,Male,United States,25-34,Business,2023-11-09
1710,1711,Male,Germany,18-24,Family,2024-06-11
1711,1712,Female,China,25-34,Family,2022-08-30
1712,1713,Female,Japan,18-24,Couple,2025-04-29
1713,1714,Female,United Kingdom,35-44,Family,2024-04-12
1714,1715,Female,United Kingdom,25-34,Family,2023-06-29
1715,1716,Female,China,45-54,Solo,2022-10-13
1716,1717,Female,Russia,25-34,Business,2022-09-03
1717,1718,Male,Japan,25-34,Family,2024-06-06
1718,1719,Female,United Arab Emirates,25-34,Business,2024-01-25
1719,1720,Male,United Arab Emirates,35-44,Business,2022-01-24
1720,1721,Male,Canada,45-54,Solo,2025-04-28
1721,1722,Male,United States,35-44,Family,2022-03-27
1722,1723,Male,Australia,45-54,Family,2023-02-28
1723,1724,Female,Russia,35-44,Couple,2020-09-11
1724,1725,Male,United Kingdom,18-24,Couple,2024-08-18
1725,1726,Female,Japan,35-44,Family,2023-11-28
1726,1727,Female,United Kingdom,35-44,Couple,2022-07-11
1727,1728,Male,Canada,18-24,Couple,2024-01-11
1728,1729,Female,United States,45-54,Couple,2022-08-13
1729,1730,Female,Egypt,35-44,Solo,2023-10-29
1730,1731,Male,Canada,25-34,Couple,2021-03-16
1731,1732,Female,South Korea,18-24,Solo,2021-06-11
1732,1733,Male,New Zealand,35-44,Family,2022-12-30
1733,1734,Male,China,45-54,Business,2023-01-15
1734,1735,Male,Mexico,35-44,Couple,2025-01-20
1735,1736,Male,United Kingdom,55+,Family,2023-07-30
1736,1737,Female,Japan,35-44,Family,2024-11-16
1737,1738,Other,Russia,25-34,Couple,2024-08-30
1738,1739,Female,New Zealand,35-44,Couple,2023-03-13
1739,1740,Female,United Kingdom,25-34,Couple,2021-05-01
1740,1741,Male,Netherlands,45-54,Solo,2021-05-28
1741,1742,Female,Canada,35-44,Business,2022-01-31
1742,1743,Female,Mexico,25-34,Couple,2024-03-31
1743,1744,Female,Canada,25-34,Family,2024-11-04
1744,1745,Female,India,35-44,Family,2023-06-17
1745,1746,Male,Thailand,25-34,Business,2021-06-18
1746,1747,Female,Italy,35-44,Business,2021-12-13
1747,1748,Female,United Arab Emirates,25-34,Family,2023-06-19
1748,1749,Female,Russia,25-34,Business,2023-08-10
1749,1750,Female,Germany,25-34,Business,2021-08-11
1750,1751,Male,France,18-24,Couple,2024-08-23
1751,1752,Other,United States,18-24,Business,2025-04-09
1752,1753,Male,United States,35-44,Couple,2021-01-29
1753,1754,Female,China,35-44,Family,2023-10-10
1754,1755,Male,France,45-54,Couple,2024-07-14
1755,1756,Other,United States,25-34,Solo,2022-08-23
1756,1757,Female,Canada,18-24,Family,2024-05-02
1757,1758,Male,United States,45-54,Couple,2024-12-17
1758,1759,Male,Netherlands,18-24,Family,2024-10-18
1759,1760,Female,France,35-44,Business,2022-08-08
1760,1761,Female,New Zealand,45-54,Business,2025-01-29
1761,1762,Female,South Africa,25-34,Couple,2023-08-15
1762,1763,Male,Germany,35-44,Couple,2022-05-02
1763,1764,Female,Thailand,25-34,Couple,2023-06-22
1764,1765,Male,South Korea,25-34,Solo,2024-11-11
1765,1766,Male,China,18-24,Couple,2024-08-10
1766,1767,Other,Australia,35-44,Couple,2022-11-13
1767,1768,Female,Thailand,45-54,Couple,2024-11-11
1768,1769,Male,China,35-44,Business,2025-04-21
1769,1770,Male,France,35-44,Solo,2024-12-14
1770,1771,Female,China,35-44,Couple,2022-10-01
1771,1772,Female,France,45-54,Solo,2021-01-20
1772,1773,Male,Germany,18-24,Couple,2025-03-13
1773,1774,Male,Spain,35-44,Solo,2023-05-24
1774,1775,Male,Canada,25-34,Solo,2021-09-23
1775,1776,Other,Netherlands,55+,Business,2020-12-27
1776,1777,Male,Germany,35-44,Family,2025-04-20
1777,1778,Male,Brazil,55+,Couple,2021-01-17
1778,1779,Male,Canada,25-34,Family,2021-12-13
1779,1780,Other,United Arab Emirates,25-34,Business,2023-09-27
1780,1781,Male,France,35-44,Solo,2022-10-21
1781,1782,Female,United States,35-44,Family,2021-12-03
1782,1783,Female,United States,45-54,Business,2020-09-14
1783,1784,Male,United Arab Emirates,55+,Family,2022-07-04
1784,1785,Female,Japan,35-44,Family,2025-06-05
1785,1786,Female,Mexico,45-54,Business,2024-04-01
1786,1787,Female,Canada,55+,Couple,2023-04-28
1787,1788,Female,Argentina,35-44,Solo,2022-03-26
1788,1789,Female,India,25-34,Family,2024-01-11
1789,1790,Female,China,25-34,Business,2025-07-23
1790,1791,Male,United Kingdom,25-34,Business,2021-02-27
1791,1792,Male,France,25-34,Couple,2023-05-12
1792,1793,Female,Germany,35-44,Couple,2021-09-27
1793,1794,Female,India,25-34,Business,2024-08-01
1794,1795,Female,India,35-44,Business,2023-12-18
1795,1796,Male,Canada,45-54,Couple,2021-03-01
1796,1797,Female,France,55+,Couple,2024-05-14
1797,1798,Female,India,35-44,Couple,2021-05-31
1798,1799,Female,New Zealand,18-24,Solo,2022-07-19
1799,1800,Female,Japan,45-54,Family,2021-04-30
1800,1801,Female,Australia,35-44,Couple,2023-06-14
1801,1802,Female,United States,45-54,Family,2021-01-20
1802,1803,Female,Italy,18-24,Business,2023-07-14
1803,1804,Female,Brazil,45-54,Family,2021-11-28
1804,1805,Other,United Kingdom,35-44,Business,2022-09-27
1805,1806,Male,India,25-34,Family,2024-09-10
1806,1807,Male,France,18-24,Solo,2024-01-29
1807,1808,Female,Brazil,18-24,Solo,2021-11-19
1808,1809,Male,United States,18-24,Couple,2022-02-01
1809,1810,Male,France,35-44,Business,2025-04-29
1810,1811,Other,China,35-44,Business,2024-09-02
1811,1812,Male,United Kingdom,25-34,Family,2022-08-04
1812,1813,Male,Argentina,35-44,Solo,2025-06-25
1813,1814,Female,Japan,45-54,Couple,2021-07-05
1814,1815,Male,United Kingdom,25-34,Family,2024-05-23
1815,1816,Female,United States,18-24,Business,2023-09-26
1816,1817,Male,New Zealand,18-24,Solo,2020-09-12
1817,1818,Female,United Kingdom,55+,Family,2020-12-21
1818,1819,Female,China,55+,Business,2023-01-07
1819,1820,Female,France,45-54,Solo,2025-05-27
1820,1821,Other,United Kingdom,25-34,Family,2022-11-05
1821,1822,Female,Russia,35-44,Couple,2025-01-03
1822,1823,Male,China,18-24,Family,2020-11-28
1823,1824,Female,Netherlands,45-54,Couple,2022-05-01
1824,1825,Male,United States,18-24,Business,2023-01-07
1825,1826,Female,South Korea,35-44,Couple,2021-04-18
1826,1827,Female,Singapore,18-24,Couple,2022-09-10
1827,1828,Male,United States,35-44,Couple,2021-03-27
1828,1829,Other,Russia,25-34,Solo,2023-11-24
1829,1830,Male,Germany,35-44,Family,2024-02-15
1830,1831,Male,China,55+,Solo,2021-11-16
1831,1832,Female,Germany,35-44,Couple,2022-08-19
1832,1833,Female,Japan,55+,Couple,2022-04-21
1833,1834,Male,Japan,55+,Solo,2022-01-11
1834,1835,Female,China,18-24,Family,2025-07-19
1835,1836,Other,Russia,25-34,Family,2020-10-02
1836,1837,Male,Brazil,25-34,Family,2020-08-27
1837,1838,Male,Mexico,55+,Solo,2021-02-17
1838,1839,Male,United Kingdom,55+,Couple,2022-06-29
1839,1840,Female,Argentina,25-34,Family,2024-06-09
1840,1841,Male,Mexico,35-44,Family,2020-10-06
1841,1842,Female,Canada,25-34,Solo,2022-09-17
1842,1843,Female,Brazil,18-24,Family,2022-06-30
1843,1844,Female,South Korea,18-24,Family,2025-04-29
1844,1845,Female,Canada,18-24,Couple,2024-04-01
1845,1846,Female,India,35-44,Business,2023-04-11
1846,1847,Female,Germany,35-44,Couple,2020-11-07
1847,1848,Male,United States,25-34,Family,2023-06-15
1848,1849,Female,United Kingdom,55+,Family,2021-01-10
1849,1850,Female,New Zealand,25-34,Solo,2021-06-04
1850,1851,Male,United Kingdom,45-54,Family,2023-02-21
1851,1852,Male,United States,25-34,Couple,2025-06-05
1852,1853,Other,Japan,35-44,Family,2021-04-14
1853,1854,Female,United States,35-44,Couple,2023-10-03
1854,1855,Male,United Kingdom,55+,Family,2020-09-10
1855,1856,Female,United Kingdom,35-44,Business,2021-08-21
1856,1857,Male,India,25-34,Solo,2022-05-16
1857,1858,Female,Germany,25-34,Business,2021-03-23
1858,1859,Female,United States,18-24,Family,2022-05-30
1859,1860,Other,Turkey,45-54,Couple,2024-07-01
1860,1861,Other,France,35-44,Couple,2022-06-01
1861,1862,Female,Thailand,25-34,Couple,2025-07-29
1862,1863,Female,United States,35-44,Family,2023-11-22
1863,1864,Male,South Africa,25-34,Business,2020-09-23
1864,1865,Female,Germany,35-44,Couple,2022-11-08
1865,1866,Male,Japan,35-44,Solo,2021-11-14
1866,1867,Female,United States,55+,Couple,2024-07-16
1867,1868,Other,Spain,45-54,Solo,2024-05-24
1868,1869,Male,United States,18-24,Couple,2021-07-19
1869,1870,Male,Russia,25-34,Business,2022-06-27
1870,1871,Other,United Kingdom,45-54,Solo,2024-10-11
1871,1872,Female,Thailand,35-44,Couple,2025-03-15
1872,1873,Female,United Kingdom,25-34,Solo,2024-09-17
1873,1874,Male,Spain,55+,Solo,2020-12-31
1874,1875,Male,Mexico,45-54,Family,2025-06-22
1875,1876,Other,United States,35-44,Couple,2022-12-07
1876,1877,Female,South Korea,35-44,Couple,2022-06-16
1877,1878,Female,United Kingdom,35-44,Family,2024-03-08
1878,1879,Other,Spain,45-54,Solo,2025-07-24
1879,1880,Other,Australia,35-44,Solo,2025-02-27
1880,1881,Female,United Arab Emirates,25-34,Solo,2024-12-23
1881,1882,Other,United States,25-34,Business,2023-12-21
1882,1883,Male,Russia,35-44,Couple,2022-05-31
1883,1884,Female,Argentina,45-54,Family,2023-10-27
1884,1885,Female,United Arab Emirates,35-44,Solo,2023-05-09
1885,1886,Female,Australia,35-44,Solo,2023-07-29
1886,1887,Female,United States,25-34,Couple,2025-03-25
1887,1888,Female,Netherlands,18-24,Family,2024-10-28
1888,1889,Male,Germany,25-34,Couple,2024-10-10
1889,1890,Female,United States,35-44,Business,2022-08-26
1890,1891,Male,United Kingdom,25-34,Couple,2022-10-16
1891,1892,Female,Thailand,45-54,Business,2020-10-22
1892,1893,Male,United Arab Emirates,18-24,Family,2024-01-14
1893,1894,Male,Germany,35-44,Couple,2021-08-14
1894,1895,Male,China,18-24,Business,2020-08-17
1895,1896,Male,Italy,25-34,Couple,2023-06-06
1896,1897,Female,United States,45-54,Family,2024-03-02
1897,1898,Female,United States,18-24,Couple,2021-01-03
1898,1899,Male,United States,45-54,Couple,2022-08-14
1899,1900,Other,Japan,25-34,Family,2025-07-10
1900,1901,Female,Nigeria,55+,Family,2025-05-27
1901,1902,Male,Germany,18-24,Solo,2024-07-24
1902,1903,Female,United States,45-54,Couple,2022-06-11
1903,1904,Male,China,55+,Couple,2022-07-26
1904,1905,Male,China,25-34,Family,2022-01-20
1905,1906,Male,Germany,18-24,Couple,2020-11-21
1906,1907,Male,Brazil,35-44,Couple,2024-12-18
1907,1908,Other,India,45-54,Couple,2023-11-01
1908,1909,Female,Japan,45-54,Solo,2024-04-13
1909,1910,Male,South Korea,45-54,Family,2023-08-25
1910,1911,Female,United Kingdom,55+,Couple,2022-06-13
1911,1912,Female,United States,45-54,Couple,2024-03-06
1912,1913,Male,China,35-44,Solo,2023-09-05
1913,1914,Female,Argentina,25-34,Family,2020-08-18
1914,1915,Female,United Arab Emirates,25-34,Couple,2021-05-08
1915,1916,Male,France,25-34,Couple,2021-05-27
1916,1917,Female,India,35-44,Family,2024-06-28
1917,1918,Female,United Kingdom,25-34,Family,2025-05-21
1918,1919,Other,Turkey,35-44,Couple,2024-06-17
1919,1920,Male,Italy,45-54,Couple,2023-12-30
1920,1921,Female,United States,35-44,Solo,2023-06-15
1921,1922,Male,Spain,25-34,Family,2023-01-27
1922,1923,Female,France,35-44,Solo,2021-11-03
1923,1924,Female,Egypt,25-34,Family,2022-01-03
1924,1925,Male,United States,18-24,Couple,2022-08-18
1925,1926,Female,United Kingdom,25-34,Couple,2023-08-16
1926,1927,Male,Brazil,45-54,Couple,2021-01-16
1927,1928,Female,India,35-44,Couple,2021-12-02
1928,1929,Male,China,35-44,Couple,2023-01-17
1929,1930,Female,Germany,18-24,Solo,2024-02-28
1930,1931,Female,Germany,25-34,Family,2022-02-25
1931,1932,Male,China,35-44,Business,2022-06-07
1932,1933,Female,United States,45-54,Business,2021-11-25
1933,1934,Male,Thailand,35-44,Couple,2023-11-01
1934,1935,Male,Italy,25-34,Business,2022-01-14
1935,1936,Female,China,35-44,Family,2022-06-15
1936,1937,Female,Turkey,35-44,Business,2024-11-04
1937,1938,Male,China,25-34,Business,2022-09-20
1938,1939,Male,United States,55+,Business,2023-09-24
1939,1940,Male,France,45-54,Couple,2025-05-27
1940,1941,Male,China,25-34,Solo,2023-07-19
1941,1942,Male,China,45-54,Solo,2021-08-01
1942,1943,Male,France,35-44,Solo,2025-01-23
1943,1944,Female,United States,35-44,Solo,2024-11-08
1944,1945,Male,United Kingdom,25-34,Business,2020-09-20
1945,1946,Male,Russia,35-44,Couple,2024-02-25
1946,1947,Male,Russia,35-44,Couple,2024-05-03
1947,1948,Male,France,25-34,Couple,2024-01-10
1948,1949,Male,United States,25-34,Couple,2022-08-10
1949,1950,Male,South Korea,25-34,Solo,2025-07-15
1950,1951,Male,Thailand,45-54,Business,2021-06-10
1951,1952,Male,Mexico,45-54,Solo,2024-12-11
1952,1953,Male,China,35-44,Business,2021-07-30
1953,1954,Female,United Kingdom,25-34,Business,2021-05-22
1954,1955,Female,New Zealand,55+,Solo,2024-03-04
1955,1956,Male,Japan,35-44,Business,2023-08-18
1956,1957,Male,Germany,35-44,Couple,2022-05-20
1957,1958,Female,India,55+,Couple,2023-10-04
1958,1959,Male,Mexico,25-34,Couple,2021-09-11
1959,1960,Female,China,35-44,Family,2023-01-17
1960,1961,Male,Japan,35-44,Business,2025-03-18
1961,1962,Female,United States,35-44,Couple,2022-04-26
1962,1963,Male,Spain,25-34,Solo,2025-02-25
1963,1964,Female,South Korea,35-44,Business,2025-07-23
1964,1965,Female,Singapore,45-54,Solo,2022-05-02
1965,1966,Male,United States,45-54,Family,2022-06-21
1966,1967,Male,China,45-54,Business,2025-03-11
1967,1968,Male,United Kingdom,35-44,Business,2021-11-24
1968,1969,Male,Russia,35-44,Solo,2021-06-03
1969,1970,Male,United States,35-44,Family,2023-05-21
1970,1971,Female,Mexico,35-44,Family,2024-01-07
1971,1972,Female,India,55+,Couple,2024-10-12
1972,1973,Female,Argentina,35-44,Solo,2022-02-11
1973,1974,Male,United States,35-44,Business,2023-01-19
1974,1975,Female,Brazil,55+,Business,2021-08-28
1975,1976,Male,United Kingdom,18-24,Family,2022-08-02
1976,1977,Male,New Zealand,25-34,Business,2022-08-29
1977,1978,Male,Germany,18-24,Solo,2020-09-09
1978,1979,Male,Turkey,55+,Couple,2023-01-02
1979,1980,Male,India,25-34,Couple,2023-09-20
1980,1981,Female,Canada,25-34,Family,2023-09-05
1981,1982,Male,New Zealand,25-34,Couple,2021-06-29
1982,1983,Other,Mexico,35-44,Business,2025-07-29
1983,1984,Female,Thailand,55+,Business,2024-01-30
1984,1985,Male,Spain,35-44,Couple,2025-07-27
1985,1986,Other,India,45-54,Solo,2022-04-27
1986,1987,Male,United States,25-34,Family,2025-07-13
1987,1988,Female,United Kingdom,45-54,Couple,2021-06-21
1988,1989,Female,Germany,45-54,Family,2021-10-24
1989,1990,Other,Russia,35-44,Couple,2022-07-29
1990,1991,Male,United Arab Emirates,25-34,Family,2024-03-30
1991,1992,Female,France,35-44,Business,2023-07-05
1992,1993,Female,United States,45-54,Family,2025-05-12
1993,1994,Other,Netherlands,35-44,Solo,2022-04-28
1994,1995,Female,Germany,45-54,Business,2020-09-21
1995,1996,Male,Netherlands,45-54,Couple,2020-09-06
1996,1997,Female,South Korea,18-24,Couple,2023-05-24
1997,1998,Male,China,45-54,Solo,2022-12-09
1998,1999,Female,China,55+,Business,2024-12-27
1999,2000,Male,South Korea,35-44,Couple,2022-02-11
